-- MySQL dump 10.13  Distrib 8.0.21, for osx10.15 (x86_64)
--
-- Host: localhost    Database: coffee
-- ------------------------------------------------------
-- Server version	8.0.21

/*!40101 SET @OLD_CHARACTER_SET_CLIENT=@@CHARACTER_SET_CLIENT */;
/*!40101 SET @OLD_CHARACTER_SET_RESULTS=@@CHARACTER_SET_RESULTS */;
/*!40101 SET @OLD_COLLATION_CONNECTION=@@COLLATION_CONNECTION */;
/*!50503 SET NAMES utf8mb4 */;
/*!40103 SET @OLD_TIME_ZONE=@@TIME_ZONE */;
/*!40103 SET TIME_ZONE='+00:00' */;
/*!40014 SET @OLD_UNIQUE_CHECKS=@@UNIQUE_CHECKS, UNIQUE_CHECKS=0 */;
/*!40014 SET @OLD_FOREIGN_KEY_CHECKS=@@FOREIGN_KEY_CHECKS, FOREIGN_KEY_CHECKS=0 */;
/*!40101 SET @OLD_SQL_MODE=@@SQL_MODE, SQL_MODE='NO_AUTO_VALUE_ON_ZERO' */;
/*!40111 SET @OLD_SQL_NOTES=@@SQL_NOTES, SQL_NOTES=0 */;

--
-- Table structure for table `approach_collections`
--

DROP TABLE IF EXISTS `approach_collections`;
/*!40101 SET @saved_cs_client     = @@character_set_client */;
/*!50503 SET character_set_client = utf8mb4 */;
CREATE TABLE `approach_collections` (
  `id` bigint unsigned NOT NULL AUTO_INCREMENT,
  `name` varchar(255) CHARACTER SET utf8mb4 COLLATE utf8mb4_unicode_ci NOT NULL,
  `created_at` timestamp NULL DEFAULT NULL,
  `updated_at` timestamp NULL DEFAULT NULL,
  PRIMARY KEY (`id`),
  UNIQUE KEY `approach_collections_name_unique` (`name`)
) ENGINE=InnoDB AUTO_INCREMENT=6 DEFAULT CHARSET=utf8mb4 COLLATE=utf8mb4_unicode_ci;
/*!40101 SET character_set_client = @saved_cs_client */;

--
-- Dumping data for table `approach_collections`
--

LOCK TABLES `approach_collections` WRITE;
/*!40000 ALTER TABLE `approach_collections` DISABLE KEYS */;
INSERT INTO `approach_collections` VALUES (1,'aliquid','2021-03-23 17:05:48','2021-03-23 17:05:48'),(2,'velit','2021-03-23 17:05:48','2021-03-23 17:05:48'),(3,'sed','2021-03-23 17:05:48','2021-03-23 17:05:48'),(4,'voluptatibus','2021-03-23 17:05:48','2021-03-23 17:05:48'),(5,'omnis','2021-03-23 17:05:48','2021-03-23 17:05:48');
/*!40000 ALTER TABLE `approach_collections` ENABLE KEYS */;
UNLOCK TABLES;

--
-- Table structure for table `characteristics`
--

DROP TABLE IF EXISTS `characteristics`;
/*!40101 SET @saved_cs_client     = @@character_set_client */;
/*!50503 SET character_set_client = utf8mb4 */;
CREATE TABLE `characteristics` (
  `id` bigint unsigned NOT NULL AUTO_INCREMENT,
  `name` varchar(255) CHARACTER SET utf8mb4 COLLATE utf8mb4_unicode_ci NOT NULL,
  `created_at` timestamp NULL DEFAULT NULL,
  `updated_at` timestamp NULL DEFAULT NULL,
  `cover_image` varchar(255) COLLATE utf8mb4_unicode_ci DEFAULT NULL,
  PRIMARY KEY (`id`),
  UNIQUE KEY `characteristics_name_unique` (`name`)
) ENGINE=InnoDB AUTO_INCREMENT=6 DEFAULT CHARSET=utf8mb4 COLLATE=utf8mb4_unicode_ci;
/*!40101 SET character_set_client = @saved_cs_client */;

--
-- Dumping data for table `characteristics`
--

LOCK TABLES `characteristics` WRITE;
/*!40000 ALTER TABLE `characteristics` DISABLE KEYS */;
INSERT INTO `characteristics` VALUES (1,'et','2021-03-23 17:05:48','2021-03-23 17:05:48',NULL),(2,'eius','2021-03-23 17:05:48','2021-03-23 17:05:48',NULL),(3,'expedita','2021-03-23 17:05:48','2021-03-23 17:05:48',NULL),(4,'illum','2021-03-23 17:05:48','2021-03-23 17:05:48',NULL),(5,'minima','2021-03-23 17:05:48','2021-03-23 17:05:48',NULL);
/*!40000 ALTER TABLE `characteristics` ENABLE KEYS */;
UNLOCK TABLES;

--
-- Table structure for table `countries`
--

DROP TABLE IF EXISTS `countries`;
/*!40101 SET @saved_cs_client     = @@character_set_client */;
/*!50503 SET character_set_client = utf8mb4 */;
CREATE TABLE `countries` (
  `id` bigint unsigned NOT NULL AUTO_INCREMENT,
  `name` varchar(255) CHARACTER SET utf8mb4 COLLATE utf8mb4_unicode_ci NOT NULL,
  `created_at` timestamp NULL DEFAULT NULL,
  `updated_at` timestamp NULL DEFAULT NULL,
  PRIMARY KEY (`id`),
  UNIQUE KEY `countries_name_unique` (`name`)
) ENGINE=InnoDB AUTO_INCREMENT=6 DEFAULT CHARSET=utf8mb4 COLLATE=utf8mb4_unicode_ci;
/*!40101 SET character_set_client = @saved_cs_client */;

--
-- Dumping data for table `countries`
--

LOCK TABLES `countries` WRITE;
/*!40000 ALTER TABLE `countries` DISABLE KEYS */;
INSERT INTO `countries` VALUES (1,'Central African Republic','2021-03-23 17:05:48','2021-03-23 17:05:48'),(2,'Micronesia','2021-03-23 17:05:48','2021-03-23 17:05:48'),(3,'Reunion','2021-03-23 17:05:48','2021-03-23 17:05:48'),(4,'Georgia','2021-03-23 17:05:48','2021-03-23 17:05:48'),(5,'Turks and Caicos Islands','2021-03-23 17:05:48','2021-03-23 17:05:48');
/*!40000 ALTER TABLE `countries` ENABLE KEYS */;
UNLOCK TABLES;

--
-- Table structure for table `failed_jobs`
--

DROP TABLE IF EXISTS `failed_jobs`;
/*!40101 SET @saved_cs_client     = @@character_set_client */;
/*!50503 SET character_set_client = utf8mb4 */;
CREATE TABLE `failed_jobs` (
  `id` bigint unsigned NOT NULL AUTO_INCREMENT,
  `uuid` varchar(255) CHARACTER SET utf8mb4 COLLATE utf8mb4_unicode_ci NOT NULL,
  `connection` text CHARACTER SET utf8mb4 COLLATE utf8mb4_unicode_ci NOT NULL,
  `queue` text CHARACTER SET utf8mb4 COLLATE utf8mb4_unicode_ci NOT NULL,
  `payload` longtext CHARACTER SET utf8mb4 COLLATE utf8mb4_unicode_ci NOT NULL,
  `exception` longtext CHARACTER SET utf8mb4 COLLATE utf8mb4_unicode_ci NOT NULL,
  `failed_at` timestamp NOT NULL DEFAULT CURRENT_TIMESTAMP,
  PRIMARY KEY (`id`),
  UNIQUE KEY `failed_jobs_uuid_unique` (`uuid`)
) ENGINE=InnoDB DEFAULT CHARSET=utf8mb4 COLLATE=utf8mb4_unicode_ci;
/*!40101 SET character_set_client = @saved_cs_client */;

--
-- Dumping data for table `failed_jobs`
--

LOCK TABLES `failed_jobs` WRITE;
/*!40000 ALTER TABLE `failed_jobs` DISABLE KEYS */;
/*!40000 ALTER TABLE `failed_jobs` ENABLE KEYS */;
UNLOCK TABLES;

--
-- Table structure for table `genders`
--

DROP TABLE IF EXISTS `genders`;
/*!40101 SET @saved_cs_client     = @@character_set_client */;
/*!50503 SET character_set_client = utf8mb4 */;
CREATE TABLE `genders` (
  `id` bigint unsigned NOT NULL AUTO_INCREMENT,
  `name` varchar(255) CHARACTER SET utf8mb4 COLLATE utf8mb4_unicode_ci NOT NULL,
  `created_at` timestamp NULL DEFAULT NULL,
  `updated_at` timestamp NULL DEFAULT NULL,
  PRIMARY KEY (`id`),
  UNIQUE KEY `genders_name_unique` (`name`)
) ENGINE=InnoDB AUTO_INCREMENT=6 DEFAULT CHARSET=utf8mb4 COLLATE=utf8mb4_unicode_ci;
/*!40101 SET character_set_client = @saved_cs_client */;

--
-- Dumping data for table `genders`
--

LOCK TABLES `genders` WRITE;
/*!40000 ALTER TABLE `genders` DISABLE KEYS */;
INSERT INTO `genders` VALUES (1,'aliquam','2021-03-23 17:05:48','2021-03-23 17:05:48'),(2,'ut','2021-03-23 17:05:48','2021-03-23 17:05:48'),(3,'laudantium','2021-03-23 17:05:48','2021-03-23 17:05:48'),(4,'ipsa','2021-03-23 17:05:48','2021-03-23 17:05:48'),(5,'perspiciatis','2021-03-23 17:05:48','2021-03-23 17:05:48');
/*!40000 ALTER TABLE `genders` ENABLE KEYS */;
UNLOCK TABLES;

--
-- Table structure for table `geo_boundaries`
--

DROP TABLE IF EXISTS `geo_boundaries`;
/*!40101 SET @saved_cs_client     = @@character_set_client */;
/*!50503 SET character_set_client = utf8mb4 */;
CREATE TABLE `geo_boundaries` (
  `id` bigint unsigned NOT NULL AUTO_INCREMENT,
  `country_id` bigint unsigned NOT NULL,
  `name` varchar(255) CHARACTER SET utf8mb4 COLLATE utf8mb4_unicode_ci NOT NULL,
  `created_at` timestamp NULL DEFAULT NULL,
  `updated_at` timestamp NULL DEFAULT NULL,
  PRIMARY KEY (`id`),
  UNIQUE KEY `geo_boundaries_name_unique` (`name`),
  KEY `geo_boundaries_country_id_foreign` (`country_id`),
  CONSTRAINT `geo_boundaries_country_id_foreign` FOREIGN KEY (`country_id`) REFERENCES `countries` (`id`) ON DELETE CASCADE
) ENGINE=InnoDB AUTO_INCREMENT=16 DEFAULT CHARSET=utf8mb4 COLLATE=utf8mb4_unicode_ci;
/*!40101 SET character_set_client = @saved_cs_client */;

--
-- Dumping data for table `geo_boundaries`
--

LOCK TABLES `geo_boundaries` WRITE;
/*!40000 ALTER TABLE `geo_boundaries` DISABLE KEYS */;
INSERT INTO `geo_boundaries` VALUES (1,1,'est','2021-03-23 17:05:48','2021-03-23 17:05:48'),(2,1,'necessitatibus','2021-03-23 17:05:48','2021-03-23 17:05:48'),(3,1,'temporibus','2021-03-23 17:05:48','2021-03-23 17:05:48'),(4,2,'quia','2021-03-23 17:05:48','2021-03-23 17:05:48'),(5,2,'tempore','2021-03-23 17:05:48','2021-03-23 17:05:48'),(6,2,'exercitationem','2021-03-23 17:05:48','2021-03-23 17:05:48'),(7,3,'iure','2021-03-23 17:05:48','2021-03-23 17:05:48'),(8,3,'molestiae','2021-03-23 17:05:48','2021-03-23 17:05:48'),(9,3,'dicta','2021-03-23 17:05:48','2021-03-23 17:05:48'),(10,4,'odit','2021-03-23 17:05:48','2021-03-23 17:05:48'),(11,4,'sit','2021-03-23 17:05:48','2021-03-23 17:05:48'),(12,4,'modi','2021-03-23 17:05:48','2021-03-23 17:05:48'),(13,5,'inventore','2021-03-23 17:05:48','2021-03-23 17:05:48'),(14,5,'facilis','2021-03-23 17:05:48','2021-03-23 17:05:48'),(15,5,'quibusdam','2021-03-23 17:05:48','2021-03-23 17:05:48');
/*!40000 ALTER TABLE `geo_boundaries` ENABLE KEYS */;
UNLOCK TABLES;

--
-- Table structure for table `indicator_values`
--

DROP TABLE IF EXISTS `indicator_values`;
/*!40101 SET @saved_cs_client     = @@character_set_client */;
/*!50503 SET character_set_client = utf8mb4 */;
CREATE TABLE `indicator_values` (
  `id` bigint unsigned NOT NULL AUTO_INCREMENT,
  `indicator_id` bigint unsigned NOT NULL,
  `value` decimal(8,2) DEFAULT NULL,
  `source_id` bigint unsigned NOT NULL,
  `year` year DEFAULT NULL,
  `geo_boundary_id` bigint unsigned NOT NULL,
  `unit_id` bigint unsigned NOT NULL,
  `gender_id` bigint unsigned NOT NULL,
  `sample_size` int DEFAULT NULL,
  `smallholder_definition_id` bigint unsigned NOT NULL,
  `user_id` bigint unsigned NOT NULL,
  `purpose_of_collection_id` bigint unsigned NOT NULL,
  `approach_collection_id` bigint unsigned NOT NULL,
  `scope` text CHARACTER SET utf8mb4 COLLATE utf8mb4_unicode_ci,
  `created_at` timestamp NULL DEFAULT NULL,
  `updated_at` timestamp NULL DEFAULT NULL,
  PRIMARY KEY (`id`),
  KEY `indicator_values_indicator_id_foreign` (`indicator_id`),
  KEY `indicator_values_source_id_foreign` (`source_id`),
  KEY `indicator_values_geo_boundary_id_foreign` (`geo_boundary_id`),
  KEY `indicator_values_unit_id_foreign` (`unit_id`),
  KEY `indicator_values_gender_id_foreign` (`gender_id`),
  KEY `indicator_values_smallholder_definition_id_foreign` (`smallholder_definition_id`),
  KEY `indicator_values_user_id_foreign` (`user_id`),
  KEY `indicator_values_purpose_of_collection_id_foreign` (`purpose_of_collection_id`),
  KEY `indicator_values_approach_collection_id_foreign` (`approach_collection_id`),
  CONSTRAINT `indicator_values_approach_collection_id_foreign` FOREIGN KEY (`approach_collection_id`) REFERENCES `approach_collections` (`id`) ON DELETE CASCADE,
  CONSTRAINT `indicator_values_gender_id_foreign` FOREIGN KEY (`gender_id`) REFERENCES `genders` (`id`) ON DELETE CASCADE,
  CONSTRAINT `indicator_values_geo_boundary_id_foreign` FOREIGN KEY (`geo_boundary_id`) REFERENCES `geo_boundaries` (`id`) ON DELETE CASCADE,
  CONSTRAINT `indicator_values_indicator_id_foreign` FOREIGN KEY (`indicator_id`) REFERENCES `indicators` (`id`) ON DELETE CASCADE,
  CONSTRAINT `indicator_values_purpose_of_collection_id_foreign` FOREIGN KEY (`purpose_of_collection_id`) REFERENCES `purpose_of_collections` (`id`) ON DELETE CASCADE,
  CONSTRAINT `indicator_values_smallholder_definition_id_foreign` FOREIGN KEY (`smallholder_definition_id`) REFERENCES `smallholder_definitions` (`id`) ON DELETE CASCADE,
  CONSTRAINT `indicator_values_source_id_foreign` FOREIGN KEY (`source_id`) REFERENCES `sources` (`id`) ON DELETE CASCADE,
  CONSTRAINT `indicator_values_unit_id_foreign` FOREIGN KEY (`unit_id`) REFERENCES `units` (`id`) ON DELETE CASCADE,
  CONSTRAINT `indicator_values_user_id_foreign` FOREIGN KEY (`user_id`) REFERENCES `users` (`id`) ON DELETE CASCADE
) ENGINE=InnoDB AUTO_INCREMENT=501 DEFAULT CHARSET=utf8mb4 COLLATE=utf8mb4_unicode_ci;
/*!40101 SET character_set_client = @saved_cs_client */;

--
-- Dumping data for table `indicator_values`
--

LOCK TABLES `indicator_values` WRITE;
/*!40000 ALTER TABLE `indicator_values` DISABLE KEYS */;
INSERT INTO `indicator_values` VALUES (1,41,746.95,9,2008,9,1,1,5414,3,4,4,4,'Consectetur facilis dicta ut laboriosam et. Maxime voluptas incidunt omnis saepe et aut maxime eum.','2021-03-23 17:05:48','2021-03-23 17:05:48'),(2,26,-63.21,10,2015,4,5,2,6473,1,4,3,4,'Quae nostrum culpa ex rem placeat molestias. Unde repellat possimus quia suscipit deserunt doloribus. Similique in quia magnam vero.','2021-03-23 17:05:48','2021-03-23 17:05:48'),(3,40,987.42,1,2020,7,6,3,2966,4,5,1,4,'Velit aut dolores et natus. Quo est sequi explicabo rerum tenetur ipsum rerum.','2021-03-23 17:05:48','2021-03-23 17:05:48'),(4,24,227.30,9,1983,1,3,4,8263,3,2,5,3,'Voluptatum et autem nihil voluptas non. Ut eveniet mollitia possimus. Provident voluptatum sapiente esse rerum.','2021-03-23 17:05:48','2021-03-23 17:05:48'),(5,13,872.91,5,1971,11,6,2,1950,1,4,1,1,'Aperiam id aperiam laudantium tenetur. Aperiam id qui ea quasi blanditiis.','2021-03-23 17:05:48','2021-03-23 17:05:48'),(6,19,-77.87,8,1972,11,4,2,5200,2,2,5,4,'Minus sed perferendis commodi aliquid modi perferendis. Corrupti harum ea fuga.','2021-03-23 17:05:48','2021-03-23 17:05:48'),(7,47,721.94,1,1987,10,7,1,5915,2,3,1,4,'Inventore vero dolore tenetur et sed quis quia. Qui facilis in consequatur aliquam.','2021-03-23 17:05:48','2021-03-23 17:05:48'),(8,5,381.56,2,1991,11,5,4,8131,2,5,4,2,'Tenetur sunt dolorem velit consequatur rerum. Quia repellat quo provident ut. Recusandae aut autem laborum vel cumque distinctio occaecati.','2021-03-23 17:05:48','2021-03-23 17:05:48'),(9,55,145.80,2,1994,15,6,2,6754,1,4,5,4,'Minus earum est ut totam beatae. Nisi expedita ea nam cumque numquam quos.','2021-03-23 17:05:48','2021-03-23 17:05:48'),(10,19,860.03,8,1971,4,1,2,5441,1,2,5,1,'Molestiae voluptatem doloribus qui aut est. Consequatur amet ipsum earum aliquid est et nemo quam. Deserunt sed accusantium vero ut.','2021-03-23 17:05:48','2021-03-23 17:05:48'),(11,46,696.13,3,1995,12,3,1,5088,5,4,4,4,'Dolorem pariatur dolor quas quia dolor ipsa. Natus rerum qui inventore. Officiis repudiandae quidem qui sed ipsam rem.','2021-03-23 17:05:48','2021-03-23 17:05:48'),(12,60,281.16,10,1997,1,8,1,7717,2,2,1,2,'Doloribus et ducimus eligendi. Explicabo qui harum et provident.','2021-03-23 17:05:48','2021-03-23 17:05:48'),(13,42,462.09,3,1989,9,9,3,3888,3,6,2,4,'Sapiente architecto aliquam harum accusamus quis. Qui molestias tempora et et est suscipit asperiores est. Autem tenetur dolor sed optio nostrum amet delectus.','2021-03-23 17:05:49','2021-03-23 17:05:49'),(14,6,-2.69,1,2002,9,7,5,4615,3,3,1,4,'Voluptates id est dolorem. Ab nobis maxime fugiat vel officiis.','2021-03-23 17:05:49','2021-03-23 17:05:49'),(15,53,858.86,6,1999,6,3,5,6056,4,5,2,4,'Voluptatem porro quia qui voluptatem. Nisi saepe mollitia et et et ea voluptates.','2021-03-23 17:05:49','2021-03-23 17:05:49'),(16,8,214.89,2,1998,12,4,4,1545,5,4,1,2,'Omnis rem aspernatur ut velit consequatur. Molestiae dignissimos debitis ipsa. Odio aut consequatur corporis numquam odit saepe.','2021-03-23 17:05:49','2021-03-23 17:05:49'),(17,24,707.06,1,2016,2,2,2,5889,1,6,3,3,'Et inventore totam nihil rerum voluptatem est enim. Voluptatum porro libero sit officiis natus omnis aperiam fuga. Est alias nihil numquam aperiam dolorem.','2021-03-23 17:05:49','2021-03-23 17:05:49'),(18,35,15.37,2,2011,4,7,2,7258,5,4,2,3,'Qui alias qui dolore quod quis nisi voluptate similique. Delectus consequatur animi consequatur sunt sed. Occaecati laboriosam quas sit sint consequatur est.','2021-03-23 17:05:49','2021-03-23 17:05:49'),(19,29,919.24,2,1977,6,7,5,5478,5,3,2,3,'Et illo dolores et rem facilis odit. Tenetur qui aspernatur ut eius aperiam.','2021-03-23 17:05:49','2021-03-23 17:05:49'),(20,22,470.64,8,1980,4,7,1,2718,5,4,4,3,'Numquam consequuntur ut at asperiores velit voluptas qui. Animi eius recusandae molestias.','2021-03-23 17:05:49','2021-03-23 17:05:49'),(21,33,327.51,9,1987,1,9,5,8951,1,4,2,4,'Esse ea aut ratione qui. Molestiae consequatur libero atque et.','2021-03-23 17:05:49','2021-03-23 17:05:49'),(22,17,929.57,3,2004,5,6,3,5220,1,3,5,1,'Velit earum qui vitae velit. Quasi quo perferendis reiciendis vitae consequatur commodi.','2021-03-23 17:05:49','2021-03-23 17:05:49'),(23,37,467.90,5,1994,9,6,4,8627,2,3,1,2,'Eligendi officiis aliquam ad a omnis consequatur. Et fuga inventore repellat sunt voluptas sint ipsa. Vero vel veritatis expedita ut magnam quis.','2021-03-23 17:05:49','2021-03-23 17:05:49'),(24,35,589.33,8,2011,9,1,1,7047,1,6,2,2,'Culpa ut rerum debitis voluptatem. Fugiat eius dolores deserunt velit alias. Mollitia in quod nostrum maxime voluptas non.','2021-03-23 17:05:49','2021-03-23 17:05:49'),(25,27,531.99,9,1995,6,8,1,5321,5,5,2,4,'Est et similique quidem et rerum qui recusandae. Temporibus nesciunt voluptatem ut et et.','2021-03-23 17:05:49','2021-03-23 17:05:49'),(26,13,509.49,9,2011,13,9,4,9228,1,3,1,1,'Voluptates molestiae nam rem non dolorem veritatis nesciunt. In nesciunt nostrum ea accusamus veritatis. Esse et facilis rerum commodi.','2021-03-23 17:05:49','2021-03-23 17:05:49'),(27,47,232.25,9,1977,8,1,1,8353,2,3,5,4,'Perferendis omnis atque et est reiciendis sint. Alias et sit id.','2021-03-23 17:05:49','2021-03-23 17:05:49'),(28,10,478.13,6,2017,13,5,4,2869,2,5,5,2,'Sapiente quia et officiis vero. Dolorem quis iste sit qui at et.','2021-03-23 17:05:49','2021-03-23 17:05:49'),(29,30,733.12,6,1972,8,2,5,1540,5,2,5,4,'Officiis et consequatur rerum et nihil autem explicabo. Ipsa provident et ut neque inventore maxime illum.','2021-03-23 17:05:49','2021-03-23 17:05:49'),(30,36,512.60,7,2014,11,5,3,7674,4,4,1,1,'Possimus saepe exercitationem praesentium quidem fugiat vel. Sequi molestiae placeat quo voluptates quia rerum.','2021-03-23 17:05:50','2021-03-23 17:05:50'),(31,28,741.06,6,1972,13,2,5,185,3,4,4,2,'Nostrum occaecati saepe neque. Assumenda exercitationem eveniet explicabo facere cum.','2021-03-23 17:05:50','2021-03-23 17:05:50'),(32,13,429.61,6,2016,7,2,1,2383,4,2,5,4,'Debitis maiores sed cumque explicabo quasi alias nemo. Commodi ut quas cumque consequatur necessitatibus accusantium rem.','2021-03-23 17:05:50','2021-03-23 17:05:50'),(33,20,567.18,9,2003,1,1,4,6007,1,2,2,4,'Impedit exercitationem saepe dignissimos facilis fugiat nam. Sit voluptatem quasi eos enim quia qui.','2021-03-23 17:05:50','2021-03-23 17:05:50'),(34,45,57.67,7,1993,8,9,1,8411,1,3,2,3,'Sint sapiente nobis expedita voluptatem eos molestias officia debitis. Ipsam non iste adipisci qui ad et.','2021-03-23 17:05:50','2021-03-23 17:05:50'),(35,41,252.32,5,2009,7,4,2,6591,5,4,2,1,'Ut quisquam quia molestias nihil. Est magnam quaerat tempore et.','2021-03-23 17:05:50','2021-03-23 17:05:50'),(36,47,266.12,7,2004,4,5,2,928,1,4,5,4,'Numquam et officia cum molestias temporibus. Impedit nihil aut enim perspiciatis aut. Rem quia ut libero fuga.','2021-03-23 17:05:50','2021-03-23 17:05:50'),(37,42,190.44,3,1999,10,3,2,9853,4,4,2,2,'Inventore perspiciatis sit qui voluptatibus. Est optio eligendi laborum non blanditiis blanditiis omnis. Corporis natus incidunt est perspiciatis est.','2021-03-23 17:05:50','2021-03-23 17:05:50'),(38,4,267.07,5,1974,9,3,1,6307,4,4,3,5,'Consequuntur excepturi nulla magnam occaecati. Distinctio rerum vel amet aut quia velit quia. Ut ad dolorum perspiciatis vero est voluptatem.','2021-03-23 17:05:50','2021-03-23 17:05:50'),(39,9,153.06,8,2007,2,8,5,9794,4,4,1,5,'Doloremque ut magni qui qui. Qui eos officiis culpa corrupti. Impedit aut non eos numquam corrupti quisquam tempore quaerat.','2021-03-23 17:05:50','2021-03-23 17:05:50'),(40,1,718.43,8,2020,1,4,4,3614,4,3,5,5,'Dolor est sit qui accusantium quia eum quia veritatis. Itaque autem tenetur voluptas beatae fugiat dolorem.','2021-03-23 17:05:50','2021-03-23 17:05:50'),(41,43,670.63,2,1986,6,9,5,5160,2,5,2,4,'Accusamus atque harum velit reprehenderit necessitatibus ea nobis. Qui fuga eos reiciendis sunt. Minus quia ut nihil aut est deserunt sapiente reprehenderit.','2021-03-23 17:05:50','2021-03-23 17:05:50'),(42,19,926.13,9,1997,9,7,4,2388,4,5,4,5,'Rerum quidem perferendis accusantium quidem doloribus. Rem accusamus maxime totam eos quidem.','2021-03-23 17:05:50','2021-03-23 17:05:50'),(43,60,330.36,7,1984,13,8,2,5110,5,5,1,3,'Quae ex voluptatem ut sed. Excepturi velit et sunt esse maiores ullam explicabo.','2021-03-23 17:05:50','2021-03-23 17:05:50'),(44,59,726.55,4,1991,15,5,3,6530,5,6,1,4,'Aspernatur eos aspernatur ex numquam eaque accusamus laborum. Pariatur accusantium minus non occaecati omnis.','2021-03-23 17:05:50','2021-03-23 17:05:50'),(45,2,564.94,2,2002,1,1,3,3591,1,4,5,3,'Id voluptas pariatur nihil sunt numquam ea exercitationem. Rerum facere expedita facilis et quae sit. Qui totam accusamus culpa aperiam dolorum consectetur officia.','2021-03-23 17:05:50','2021-03-23 17:05:50'),(46,43,872.98,9,1970,15,7,4,309,1,4,1,2,'Alias ratione qui totam dolores. Tempora quisquam ut temporibus ut. Unde eius sint tempore quod nobis sed.','2021-03-23 17:05:50','2021-03-23 17:05:50'),(47,8,89.60,6,2016,1,8,5,100,3,4,1,4,'Provident quidem doloribus quam unde sit rerum quo dolorem. Molestiae dicta delectus doloribus quas similique cumque. Cum sed quia eligendi sed rerum aut eum.','2021-03-23 17:05:50','2021-03-23 17:05:50'),(48,23,192.41,9,1998,4,8,2,9675,2,4,3,1,'Quo dignissimos quam quidem atque. Quaerat nesciunt et deleniti modi quod. Sit quia nam consequatur nam repudiandae tempore.','2021-03-23 17:05:50','2021-03-23 17:05:50'),(49,21,159.15,2,2004,14,2,5,2959,3,6,3,3,'Tempora rerum id beatae accusantium accusantium. Asperiores corporis provident maxime quis ut deleniti sit. Nostrum aut qui animi aliquam.','2021-03-23 17:05:50','2021-03-23 17:05:50'),(50,10,475.80,10,2018,9,5,5,1526,3,5,5,3,'Et cupiditate consequatur velit et. Accusantium nam quia et quo ut.','2021-03-23 17:05:50','2021-03-23 17:05:50'),(51,35,663.17,3,2003,4,6,3,897,3,5,5,5,'Aut voluptate repudiandae incidunt vitae soluta culpa et. Nisi et et dicta fuga molestiae voluptas consequuntur cum. Iure quidem adipisci et voluptate quas sed cumque delectus.','2021-03-23 17:05:50','2021-03-23 17:05:50'),(52,56,953.24,8,1971,8,5,5,2817,3,4,5,2,'Id dignissimos id qui earum ipsam. Eius non ab est et quis laboriosam itaque sunt.','2021-03-23 17:05:51','2021-03-23 17:05:51'),(53,58,601.22,2,2000,4,9,5,7122,3,6,3,4,'Accusamus itaque recusandae qui et sunt totam quis. Est consequatur pariatur blanditiis provident dolorem sint eos.','2021-03-23 17:05:51','2021-03-23 17:05:51'),(54,36,150.85,9,1971,5,6,1,3012,4,4,1,3,'Nesciunt aut ut quia corporis dolor vero. Autem hic et modi saepe recusandae non. Voluptates amet natus nemo quisquam molestiae minima nihil rerum.','2021-03-23 17:05:51','2021-03-23 17:05:51'),(55,16,825.35,7,2006,3,9,1,302,5,4,4,5,'Animi nulla sint explicabo eum dicta veritatis. Impedit fuga culpa corporis est animi nulla voluptatem. Praesentium maiores ut assumenda cumque.','2021-03-23 17:05:51','2021-03-23 17:05:51'),(56,14,686.86,9,2005,3,7,1,261,1,3,1,5,'Voluptas cum praesentium rerum expedita ipsa. Veritatis qui beatae quod modi aut sed maxime omnis. Est omnis quia ipsum ullam cum cupiditate porro.','2021-03-23 17:05:51','2021-03-23 17:05:51'),(57,54,807.54,4,1974,4,3,4,5575,4,3,1,3,'Rerum est laborum sint iure id. Ducimus occaecati odit sint voluptatem. Culpa cum nihil qui deleniti ut pariatur.','2021-03-23 17:05:51','2021-03-23 17:05:51'),(58,50,65.18,10,2001,2,5,2,9423,1,2,2,3,'Accusantium animi temporibus voluptatibus nihil. Optio velit assumenda provident eum id voluptatem quaerat dolorem.','2021-03-23 17:05:51','2021-03-23 17:05:51'),(59,26,912.32,1,2003,10,8,5,4845,4,4,2,1,'Deserunt porro autem numquam. Voluptate veritatis cupiditate explicabo repudiandae provident ut labore.','2021-03-23 17:05:51','2021-03-23 17:05:51'),(60,9,731.00,4,1982,3,8,5,4323,4,2,4,5,'Consequatur est illo rerum dolore ut. In error voluptas omnis consequatur.','2021-03-23 17:05:51','2021-03-23 17:05:51'),(61,36,196.01,2,2008,6,1,2,4169,3,4,2,1,'Minus placeat non quos officia repellendus ut repudiandae. Culpa quasi voluptatibus quis quo ad dolores natus. Quisquam dolor mollitia id est explicabo.','2021-03-23 17:05:51','2021-03-23 17:05:51'),(62,31,159.76,6,2003,9,5,2,5775,2,3,3,2,'Ut commodi deserunt reprehenderit perspiciatis. Ea aut iste quo nesciunt ut possimus quasi.','2021-03-23 17:05:51','2021-03-23 17:05:51'),(63,18,-27.18,10,1982,11,2,1,5511,4,5,1,4,'Ullam ut sit aut nobis nihil aut. Tenetur est et vero minima vero. Et provident dolores possimus labore corporis quae vel inventore.','2021-03-23 17:05:51','2021-03-23 17:05:51'),(64,34,845.63,1,2005,3,8,1,7722,1,6,3,3,'Adipisci enim nesciunt repellat et minima. Voluptatem voluptatum facere magni. Ratione placeat odio rerum voluptas distinctio fuga sequi.','2021-03-23 17:05:51','2021-03-23 17:05:51'),(65,53,502.52,5,1995,10,7,4,7006,3,3,4,3,'Laudantium quisquam autem voluptatum eaque quae. Est non iure et quia ut minima. Nobis autem omnis quo.','2021-03-23 17:05:51','2021-03-23 17:05:51'),(66,24,375.89,5,1990,14,5,3,2958,1,3,3,1,'Consequatur eum id sed consequuntur ipsum sed. Iusto velit nisi sint sed quos. Voluptates nobis enim et recusandae.','2021-03-23 17:05:51','2021-03-23 17:05:51'),(67,58,954.60,2,1972,3,8,5,7495,4,4,3,1,'Unde iusto eaque dignissimos reiciendis sint. Aut excepturi qui quia eaque aperiam.','2021-03-23 17:05:51','2021-03-23 17:05:51'),(68,59,487.90,5,1977,13,7,2,928,4,3,4,5,'Deleniti molestiae hic suscipit. Ipsa non atque qui quibusdam nulla. Laudantium natus omnis consequatur consequatur.','2021-03-23 17:05:51','2021-03-23 17:05:51'),(69,52,633.16,10,1976,10,9,4,6124,5,5,3,2,'Aliquid tempore laudantium et dolores facilis ea assumenda. Voluptatem architecto aut quidem neque.','2021-03-23 17:05:51','2021-03-23 17:05:51'),(70,34,-39.32,5,1979,13,8,2,9069,1,2,1,3,'Nulla voluptatem repudiandae eum est quod est. Eaque modi nihil iure cupiditate qui. Accusantium et asperiores iusto explicabo quae aut.','2021-03-23 17:05:51','2021-03-23 17:05:51'),(71,16,689.52,5,1989,5,5,1,471,1,4,4,2,'Ea autem eveniet doloribus. Vel ut qui eos aut qui. Excepturi blanditiis quisquam vel laborum magni est fugiat.','2021-03-23 17:05:51','2021-03-23 17:05:51'),(72,54,895.43,1,2020,3,1,2,8249,5,2,4,2,'Iure quos omnis dolorem ea. Magni optio dolor quisquam placeat quia.','2021-03-23 17:05:51','2021-03-23 17:05:51'),(73,15,770.36,4,1973,10,2,2,722,3,3,5,4,'Perferendis unde mollitia nostrum veniam iusto sit id nihil. Eaque quia voluptatum facilis veritatis adipisci et accusantium.','2021-03-23 17:05:52','2021-03-23 17:05:52'),(74,46,-76.24,10,1996,4,1,2,3245,1,2,1,5,'Consequatur commodi nesciunt recusandae sunt quis. Odio doloremque cumque doloribus dolores.','2021-03-23 17:05:52','2021-03-23 17:05:52'),(75,16,991.12,1,2013,1,3,5,3144,5,3,3,4,'At maxime eos nobis a aspernatur dolorem. Eum et et id suscipit modi. Quod voluptatem illum dolores nisi vel.','2021-03-23 17:05:52','2021-03-23 17:05:52'),(76,33,962.50,2,2002,3,6,2,9113,5,6,3,4,'Esse enim ut neque voluptatum dicta. Qui ad harum laboriosam magnam.','2021-03-23 17:05:52','2021-03-23 17:05:52'),(77,49,606.74,9,1978,1,9,2,6105,2,2,1,2,'Est aspernatur aliquam et nihil illum. Non doloremque beatae consequatur perspiciatis praesentium amet velit.','2021-03-23 17:05:52','2021-03-23 17:05:52'),(78,17,899.87,9,1985,3,4,2,3365,4,6,5,1,'Reprehenderit in labore eius reprehenderit inventore. Et voluptatem voluptatibus et maxime. Accusamus dolor sit sunt ullam id odio.','2021-03-23 17:05:52','2021-03-23 17:05:52'),(79,54,79.62,4,1991,15,1,4,914,5,2,3,3,'Dolorum magnam rerum ab aliquid fugiat vel. Ea soluta et et molestiae nihil.','2021-03-23 17:05:52','2021-03-23 17:05:52'),(80,49,270.61,6,1999,9,1,3,2414,3,4,2,2,'Officia sit deserunt ea sunt vel. Aut unde pariatur ut suscipit aut assumenda. Quod et nisi non quae.','2021-03-23 17:05:52','2021-03-23 17:05:52'),(81,30,1.20,10,1994,1,4,5,2811,2,3,2,4,'Optio nemo at nostrum minima sapiente ut ut dolor. Ea accusantium consequuntur odit porro enim repellat.','2021-03-23 17:05:52','2021-03-23 17:05:52'),(82,14,65.01,1,1971,13,4,5,5466,5,3,1,5,'Consectetur fuga nemo quo et molestias totam. Inventore veniam explicabo repudiandae a voluptatum nihil ut.','2021-03-23 17:05:52','2021-03-23 17:05:52'),(83,7,384.64,5,1974,5,3,3,919,1,4,4,1,'Vero dolor commodi quia esse maxime dolor necessitatibus. Aut asperiores sequi aut ab error sint eum perferendis. Nisi modi dolore id ab qui pariatur.','2021-03-23 17:05:52','2021-03-23 17:05:52'),(84,3,166.35,8,1991,7,2,2,9066,5,5,4,4,'Ipsum reiciendis excepturi aut corporis nemo. Ab ipsam quia ea ut.','2021-03-23 17:05:52','2021-03-23 17:05:52'),(85,51,696.33,1,1976,5,5,4,3575,1,6,1,1,'Porro repellendus quas reprehenderit. Eos voluptas assumenda earum quia molestias error at quam. Necessitatibus vel totam aut unde libero nesciunt sed.','2021-03-23 17:05:52','2021-03-23 17:05:52'),(86,43,-96.21,3,1981,13,6,4,8897,1,6,5,3,'Odit cum odio cum iusto voluptas qui blanditiis. Odio numquam est non veniam inventore.','2021-03-23 17:05:52','2021-03-23 17:05:52'),(87,51,-29.82,5,1985,14,4,2,6706,1,2,1,5,'Nam perferendis natus optio quis aspernatur et. Rerum molestiae quo magni voluptates adipisci voluptas.','2021-03-23 17:05:52','2021-03-23 17:05:52'),(88,3,108.59,6,2010,15,4,1,3321,4,4,3,1,'Consequatur et voluptatem qui suscipit mollitia odit dolorum voluptate. Eos aut vero eius et vel ut ut.','2021-03-23 17:05:52','2021-03-23 17:05:52'),(89,39,785.78,8,1996,3,1,3,1434,4,6,3,5,'Eius voluptas sed non sed nam. Placeat repudiandae et architecto est repudiandae ut labore. Debitis blanditiis sed non et eum saepe sed et.','2021-03-23 17:05:52','2021-03-23 17:05:52'),(90,17,789.01,5,1995,5,9,5,2238,1,2,2,4,'Dolor consequuntur quam dolorem sit. Facere ipsa est accusantium consequatur.','2021-03-23 17:05:52','2021-03-23 17:05:52'),(91,48,248.85,1,1984,11,1,2,8103,5,2,3,4,'Quis in quasi doloribus. Velit voluptatem excepturi occaecati.','2021-03-23 17:05:52','2021-03-23 17:05:52'),(92,25,559.15,8,1980,8,4,2,3426,4,5,3,2,'Perferendis eaque enim architecto dolore eius. Totam ut mollitia est labore.','2021-03-23 17:05:53','2021-03-23 17:05:53'),(93,53,559.64,6,2015,8,3,4,2983,5,4,2,4,'Et suscipit eius aliquid veritatis assumenda dolore. Sint atque odio suscipit corrupti laborum fugiat sit. Cumque praesentium doloribus vel tempore molestiae ex iure.','2021-03-23 17:05:53','2021-03-23 17:05:53'),(94,51,890.78,4,1994,7,6,5,9993,3,4,3,2,'Omnis quasi laudantium temporibus. Quae vitae itaque fugiat enim laudantium culpa et. Qui eos et quae consectetur itaque qui.','2021-03-23 17:05:53','2021-03-23 17:05:53'),(95,7,72.55,1,2011,15,1,5,2822,3,4,2,1,'Et illo beatae et magni quam. Nobis ut eum earum debitis sed voluptatum.','2021-03-23 17:05:53','2021-03-23 17:05:53'),(96,17,535.36,9,1987,8,1,2,8204,1,4,1,5,'Nostrum sed harum voluptatem. Quaerat et ut nostrum voluptas dolorem dolorum.','2021-03-23 17:05:53','2021-03-23 17:05:53'),(97,25,585.90,3,1993,13,4,2,7879,3,6,4,1,'Rem aperiam id repudiandae ipsum. Sint aperiam velit excepturi sint ut suscipit. Ex aut officiis similique est accusantium cupiditate aut.','2021-03-23 17:05:53','2021-03-23 17:05:53'),(98,54,-38.92,5,2013,6,6,1,7903,2,5,3,2,'Minus esse voluptas quos odit qui consequuntur voluptas. In error architecto quis molestias omnis sit. Ratione laborum omnis quia impedit delectus.','2021-03-23 17:05:53','2021-03-23 17:05:53'),(99,13,858.13,4,1983,15,9,4,6812,1,3,1,2,'Aperiam suscipit iste illum maiores doloremque amet deleniti. Nam velit architecto sed sed voluptatibus modi atque.','2021-03-23 17:05:53','2021-03-23 17:05:53'),(100,40,123.98,4,2011,13,3,4,9837,5,6,2,5,'Enim culpa voluptatem quibusdam est eveniet mollitia et ex. Ex nemo ut modi quaerat eum. Sit voluptatem iure est adipisci animi.','2021-03-23 17:05:53','2021-03-23 17:05:53'),(101,26,401.25,3,1973,10,9,4,5770,2,6,5,2,'Corrupti enim et rerum unde. At sed quisquam asperiores assumenda.','2021-03-23 17:05:53','2021-03-23 17:05:53'),(102,23,658.91,5,1992,14,8,5,3906,5,2,5,5,'Est similique doloremque eaque dignissimos. Pariatur voluptas blanditiis laboriosam qui temporibus reiciendis itaque voluptatem.','2021-03-23 17:05:53','2021-03-23 17:05:53'),(103,17,80.47,2,2001,14,1,2,6401,5,5,5,2,'Eveniet alias suscipit delectus distinctio sint iste. Excepturi qui minus vel dolorem enim impedit ex illum.','2021-03-23 17:05:53','2021-03-23 17:05:53'),(104,44,963.80,6,2012,8,8,3,6128,4,6,4,5,'Et consequuntur numquam quo esse cumque esse. Sit ut sint qui quam. Inventore et necessitatibus quo expedita necessitatibus qui eos.','2021-03-23 17:05:53','2021-03-23 17:05:53'),(105,30,-63.09,10,2005,10,4,2,7312,3,5,3,2,'Fugiat cum qui eos. Et ullam quia eveniet itaque eligendi. Corporis cum natus officiis veniam.','2021-03-23 17:05:53','2021-03-23 17:05:53'),(106,32,-88.93,6,2013,2,6,4,5995,4,6,4,3,'Et et et pariatur eaque quis. Occaecati quasi qui quibusdam voluptatibus dolorem.','2021-03-23 17:05:53','2021-03-23 17:05:53'),(107,50,448.33,5,1979,13,1,3,4367,2,5,2,4,'Ea repellendus ut sint fugiat laudantium laudantium pariatur. Est magnam reprehenderit et illo voluptatum sit.','2021-03-23 17:05:53','2021-03-23 17:05:53'),(108,56,-72.18,4,1997,12,6,4,1456,4,6,1,1,'Molestiae possimus dolores doloremque consequatur et unde. Repellat pariatur debitis quo ex ipsam quasi praesentium.','2021-03-23 17:05:53','2021-03-23 17:05:53'),(109,11,711.26,6,2007,11,3,2,1485,5,6,3,3,'Qui suscipit numquam dignissimos et. Voluptas et et sit deserunt doloribus fuga. Et id cum ducimus quibusdam voluptatem.','2021-03-23 17:05:53','2021-03-23 17:05:53'),(110,54,693.61,7,2003,8,2,4,638,1,4,5,4,'Cum quae saepe tenetur expedita. Eos saepe nam cum. Facilis rem ratione minima.','2021-03-23 17:05:53','2021-03-23 17:05:53'),(111,8,30.17,7,2015,12,8,3,9158,1,3,3,3,'Qui ea suscipit debitis consectetur eum. Eligendi eos natus voluptatum sed consequatur tempore. Et consequatur quae quibusdam incidunt quis rem.','2021-03-23 17:05:53','2021-03-23 17:05:53'),(112,30,667.55,1,2018,5,4,2,1447,5,6,4,5,'Minima maxime officia doloremque et rerum. Nesciunt odio facilis atque harum modi. Beatae consequatur aut alias et officiis aspernatur iure.','2021-03-23 17:05:54','2021-03-23 17:05:54'),(113,13,579.11,5,2016,8,1,5,3696,2,2,4,2,'Ut enim numquam omnis dolorum. Vitae non minus et est sequi. Mollitia nobis nihil repudiandae fugiat explicabo qui.','2021-03-23 17:05:54','2021-03-23 17:05:54'),(114,24,192.91,6,2010,9,3,2,1253,1,4,5,2,'Ea saepe blanditiis magni est repudiandae dicta. Veniam voluptatem asperiores quas officiis illo. Voluptas libero aut beatae autem et cum.','2021-03-23 17:05:54','2021-03-23 17:05:54'),(115,29,712.66,1,2018,4,9,3,9321,2,3,3,2,'Fuga perspiciatis aperiam itaque asperiores quis ex. Dolore aliquam asperiores accusamus in ut aut.','2021-03-23 17:05:54','2021-03-23 17:05:54'),(116,23,-64.06,4,1982,9,6,5,8885,5,2,1,2,'Consequuntur laboriosam esse a aliquam. Suscipit laborum libero debitis. Et nam veritatis ipsa et velit.','2021-03-23 17:05:54','2021-03-23 17:05:54'),(117,56,119.67,8,1993,14,7,4,2466,1,6,4,5,'Facere ut magnam qui repellat incidunt. Quaerat quod ab rerum molestias reprehenderit repellendus. Voluptatem saepe ullam commodi qui.','2021-03-23 17:05:54','2021-03-23 17:05:54'),(118,47,597.35,10,1990,2,2,5,9130,3,3,2,5,'Veritatis possimus adipisci sit rerum aliquam eligendi quae. Possimus et culpa illo eos corrupti.','2021-03-23 17:05:54','2021-03-23 17:05:54'),(119,47,749.09,7,2008,9,9,3,1107,3,2,1,4,'Voluptate quam est consectetur consequuntur alias. Quod voluptate nobis cupiditate adipisci. Animi et qui earum autem nihil.','2021-03-23 17:05:54','2021-03-23 17:05:54'),(120,6,107.27,5,2011,10,4,3,8488,1,4,4,3,'Fugit iure eveniet sed ratione. Nam blanditiis et eum nisi laborum quaerat possimus.','2021-03-23 17:05:54','2021-03-23 17:05:54'),(121,3,287.47,9,2005,4,2,5,742,1,4,3,4,'Dolorem ipsum adipisci aut illum. Eum dicta dolorem ratione qui cupiditate possimus. Eos iusto provident doloribus qui ullam.','2021-03-23 17:05:54','2021-03-23 17:05:54'),(122,49,165.54,7,1989,5,1,5,4635,4,6,2,2,'Velit et dignissimos incidunt eos sed deleniti ut magni. Quas qui veniam accusamus similique dolores necessitatibus aut.','2021-03-23 17:05:54','2021-03-23 17:05:54'),(123,52,57.27,9,2002,7,6,4,4004,1,5,2,5,'Est at aut qui voluptatem quibusdam. Quisquam alias velit minus cum dolores.','2021-03-23 17:05:54','2021-03-23 17:05:54'),(124,45,984.12,7,2020,2,2,4,584,4,3,4,2,'Quia nihil dolor est. Id ducimus voluptatibus est labore sed id.','2021-03-23 17:05:54','2021-03-23 17:05:54'),(125,28,987.02,1,1977,12,5,5,6358,2,3,5,2,'Cumque recusandae quia omnis. Est odit voluptatem laboriosam facere. Et commodi quis quibusdam ipsum quisquam modi.','2021-03-23 17:05:54','2021-03-23 17:05:54'),(126,2,123.75,1,2012,13,1,2,9356,2,4,2,4,'Nulla omnis excepturi consequuntur facere aspernatur. Cupiditate cum culpa non et aliquid dolorem.','2021-03-23 17:05:54','2021-03-23 17:05:54'),(127,48,439.35,9,2006,6,5,2,6145,1,2,1,2,'Vel reiciendis quia eligendi beatae error. Vel et quia fuga quo. Perferendis rem cumque nesciunt enim assumenda aliquam.','2021-03-23 17:05:54','2021-03-23 17:05:54'),(128,11,106.44,6,2011,10,5,5,9297,1,4,1,5,'Voluptatem pariatur cupiditate pariatur similique. Repudiandae expedita quia omnis.','2021-03-23 17:05:54','2021-03-23 17:05:54'),(129,59,613.10,2,1972,3,7,4,5131,1,3,1,1,'Et consequatur dolorem cupiditate. Architecto eveniet totam neque. Doloribus deserunt alias non repellat.','2021-03-23 17:05:55','2021-03-23 17:05:55'),(130,51,29.61,9,2002,6,6,3,5475,5,5,5,3,'Eum repudiandae cum repudiandae consequatur. Facilis velit est id rerum dolore modi eos.','2021-03-23 17:05:55','2021-03-23 17:05:55'),(131,45,21.44,3,1976,13,7,2,1219,2,2,1,4,'Debitis ad dolor explicabo illum voluptas. In porro suscipit minima id earum.','2021-03-23 17:05:55','2021-03-23 17:05:55'),(132,46,65.57,1,1998,4,2,5,3149,3,5,5,2,'Magni voluptas laudantium est sint officia provident ut veritatis. Expedita quasi consequatur voluptas alias explicabo est et.','2021-03-23 17:05:55','2021-03-23 17:05:55'),(133,4,821.78,10,1970,7,6,5,6043,5,5,2,1,'Illum hic non necessitatibus qui aliquam maxime adipisci iste. Placeat dolores aliquam quia sed ipsum.','2021-03-23 17:05:55','2021-03-23 17:05:55'),(134,40,556.12,3,2009,11,4,4,7650,2,2,2,4,'Omnis rem dolore eum at. Voluptatum adipisci rerum eius sit.','2021-03-23 17:05:55','2021-03-23 17:05:55'),(135,35,402.41,7,2008,13,8,3,5968,1,3,5,5,'Ut asperiores nihil et ipsum omnis error beatae. Pariatur ducimus sed atque accusamus vero officia et rerum. Consequuntur totam aut rerum molestias autem culpa qui.','2021-03-23 17:05:55','2021-03-23 17:05:55'),(136,46,984.57,7,2017,12,6,3,3962,1,6,1,2,'Aut nesciunt quo quae quas. Incidunt sed dolores excepturi praesentium quis ut.','2021-03-23 17:05:55','2021-03-23 17:05:55'),(137,37,548.18,2,2013,4,3,1,2271,5,3,2,2,'Quos ut vel voluptas sit. Consequatur quae vel tempora ad.','2021-03-23 17:05:55','2021-03-23 17:05:55'),(138,52,56.04,10,2013,4,5,2,5744,4,4,5,4,'Ut aut omnis nulla perspiciatis minima recusandae eum. Molestiae ut cupiditate quis in.','2021-03-23 17:05:55','2021-03-23 17:05:55'),(139,46,989.01,9,1971,13,7,2,3366,5,2,4,3,'Ut eius enim nostrum est assumenda omnis harum qui. A exercitationem ducimus aut est.','2021-03-23 17:05:55','2021-03-23 17:05:55'),(140,16,-38.22,8,1982,11,5,1,2555,1,3,2,5,'Fuga perferendis ea sunt odit eos. Deleniti illo modi iusto nihil optio.','2021-03-23 17:05:55','2021-03-23 17:05:55'),(141,31,388.17,8,2001,10,7,3,1098,5,6,1,4,'Officia facilis quaerat laudantium eos nihil ullam. Ipsum explicabo distinctio ea.','2021-03-23 17:05:55','2021-03-23 17:05:55'),(142,56,201.77,5,1994,5,9,4,4471,2,3,2,3,'Consequatur fugiat ut molestias quibusdam. Magni minus et qui et dolores porro et.','2021-03-23 17:05:55','2021-03-23 17:05:55'),(143,58,817.87,8,1988,11,1,2,4738,3,4,2,2,'Aspernatur voluptas soluta quod et atque. Ut quod praesentium incidunt aliquid corrupti. Commodi animi fuga rerum laborum repudiandae quia cum impedit.','2021-03-23 17:05:55','2021-03-23 17:05:55'),(144,40,574.36,10,2000,7,2,5,7155,3,2,1,1,'Sit doloremque doloremque officia quis doloribus ad ad. Dolores atque sequi modi.','2021-03-23 17:05:55','2021-03-23 17:05:55'),(145,52,-40.47,3,2004,13,5,4,1665,1,2,3,4,'Magni necessitatibus iusto ab dignissimos. Excepturi voluptate animi vel exercitationem.','2021-03-23 17:05:55','2021-03-23 17:05:55'),(146,56,924.31,9,1991,6,1,4,7289,3,6,1,2,'Modi praesentium quia nobis numquam doloribus inventore. Voluptatem et magni voluptate asperiores error eum sit. Amet at voluptatum cum sequi ab.','2021-03-23 17:05:55','2021-03-23 17:05:55'),(147,55,71.10,10,2005,3,1,4,9053,1,2,2,1,'Sit modi delectus tempora accusantium voluptatum. Illum fuga vero quis in asperiores vel iure. Amet nihil sed ex possimus voluptas magnam possimus fugit.','2021-03-23 17:05:55','2021-03-23 17:05:55'),(148,12,109.96,7,1994,14,8,4,8670,3,6,3,5,'Molestiae laborum pariatur vel et nihil error. Et aspernatur et optio expedita ad. Ullam numquam quasi et aliquid officia nulla.','2021-03-23 17:05:55','2021-03-23 17:05:55'),(149,7,110.01,3,2015,4,6,4,7623,2,5,3,2,'Reiciendis occaecati sunt aut optio natus vel et. Est veritatis explicabo molestias libero cupiditate corporis atque. Harum aperiam enim qui alias.','2021-03-23 17:05:56','2021-03-23 17:05:56'),(150,1,761.57,7,1973,15,7,5,5091,3,5,5,3,'Modi laboriosam officia iure quod voluptatem rerum nostrum. Et consequatur vel qui eos nihil dolor. Sequi rem quo aliquid nostrum officia rerum.','2021-03-23 17:05:56','2021-03-23 17:05:56'),(151,17,180.40,9,2003,4,1,5,5943,3,3,2,1,'Quidem voluptatem id mollitia magni dolorem consequatur. Eveniet sed necessitatibus beatae.','2021-03-23 17:05:56','2021-03-23 17:05:56'),(152,9,-78.80,7,2019,9,1,4,1825,4,6,4,2,'Velit consequatur laborum qui enim iure et. Et porro id nihil quibusdam quae in impedit voluptatem.','2021-03-23 17:05:56','2021-03-23 17:05:56'),(153,25,470.82,5,2002,8,6,4,9531,2,2,4,2,'Et est libero quas odit incidunt. Hic tempore reiciendis voluptatum nemo atque.','2021-03-23 17:05:56','2021-03-23 17:05:56'),(154,15,641.22,5,1982,1,4,2,8623,1,2,3,1,'Unde blanditiis ut esse ut earum aut molestiae. Tempore et et quia hic ut distinctio harum. Fuga possimus voluptatum esse voluptatem aliquid.','2021-03-23 17:05:56','2021-03-23 17:05:56'),(155,9,-12.52,4,2008,14,1,4,4956,2,6,1,1,'Unde non eaque qui enim nobis libero facere eum. Non vero adipisci voluptatem ipsam.','2021-03-23 17:05:56','2021-03-23 17:05:56'),(156,2,218.32,10,2012,14,3,2,3833,2,3,4,5,'Quas et autem dicta quam ab odio. Sed saepe animi sint esse voluptas consequatur sit ut. Est officiis molestias qui corporis eum.','2021-03-23 17:05:56','2021-03-23 17:05:56'),(157,21,156.31,2,1974,14,7,5,1793,2,5,3,1,'Saepe quia explicabo aut voluptas velit. Aut voluptas aut est nihil.','2021-03-23 17:05:56','2021-03-23 17:05:56'),(158,50,490.24,3,2014,6,9,4,3232,2,5,5,1,'Ipsam et voluptatem fugit nesciunt fugiat omnis qui. Voluptatem neque ad optio ipsa.','2021-03-23 17:05:56','2021-03-23 17:05:56'),(159,9,124.93,6,1989,15,3,5,4518,5,6,4,4,'Eius aut ratione ad ut quasi tempora quo non. Voluptatem expedita saepe nisi aut. Qui eos doloremque sapiente ea molestiae.','2021-03-23 17:05:56','2021-03-23 17:05:56'),(160,11,107.09,10,1984,9,3,3,5692,2,3,1,4,'Ut odit magnam facilis quibusdam quia magni. Aut perspiciatis ut autem tempora omnis.','2021-03-23 17:05:56','2021-03-23 17:05:56'),(161,41,112.26,7,1989,9,4,2,7481,3,2,2,5,'Aliquid magnam ut eum fuga distinctio. Quisquam ipsa voluptas tempore doloribus aliquid aut laborum.','2021-03-23 17:05:56','2021-03-23 17:05:56'),(162,35,435.72,10,2000,15,9,4,3778,1,4,5,4,'Debitis voluptates error qui optio. Quia et fugit iste qui amet inventore. Adipisci cumque quia laboriosam dolores perspiciatis eum.','2021-03-23 17:05:56','2021-03-23 17:05:56'),(163,58,408.67,1,1989,5,1,3,1386,3,2,5,2,'Non et dolor sit. Velit quia incidunt natus.','2021-03-23 17:05:56','2021-03-23 17:05:56'),(164,13,579.20,9,1996,8,6,1,1112,4,6,3,3,'Veritatis et et quo dolore iste autem nemo dignissimos. Dolor aut quia voluptatem. Ratione vitae voluptatem nulla aspernatur aut.','2021-03-23 17:05:56','2021-03-23 17:05:56'),(165,54,374.70,4,2001,4,1,2,6610,4,5,5,2,'Pariatur repellat magnam rerum expedita et ipsum amet error. Facere praesentium consequatur necessitatibus pariatur veritatis eveniet.','2021-03-23 17:05:56','2021-03-23 17:05:56'),(166,34,-10.16,7,1997,6,8,5,8719,3,6,5,3,'Quod soluta nobis beatae doloremque placeat aut optio. Consectetur soluta natus id minus magnam ullam eaque. Labore veniam provident exercitationem rerum.','2021-03-23 17:05:56','2021-03-23 17:05:56'),(167,13,910.44,4,1974,15,1,5,2658,3,3,2,3,'Voluptas itaque consequatur quas qui. Ea qui esse neque incidunt quis libero soluta libero.','2021-03-23 17:05:56','2021-03-23 17:05:56'),(168,7,791.14,2,1984,6,6,1,9944,4,4,5,1,'Enim aut occaecati nihil. Eius assumenda ipsum quasi non. Delectus omnis qui quis aspernatur ut.','2021-03-23 17:05:57','2021-03-23 17:05:57'),(169,60,342.67,6,2009,8,1,2,7904,5,5,2,3,'Ipsam qui magnam asperiores odio ipsum ab in. Ut provident eos sequi dolor maiores qui.','2021-03-23 17:05:57','2021-03-23 17:05:57'),(170,18,-27.22,7,1994,13,4,5,5454,5,6,1,5,'Odio voluptatem qui et iste. Inventore ea eaque eum et quis reprehenderit. Laborum tenetur quia repellendus.','2021-03-23 17:05:57','2021-03-23 17:05:57'),(171,55,512.84,3,1991,12,8,5,3902,1,6,3,4,'Dolorum voluptatem architecto voluptas voluptatem numquam. Maxime aut non fugiat voluptates non sed. Aut doloribus hic reiciendis magnam fugit mollitia et voluptas.','2021-03-23 17:05:57','2021-03-23 17:05:57'),(172,47,109.37,6,1997,2,9,3,2297,4,4,2,3,'Accusantium nisi nisi est est. Delectus commodi consectetur ullam et.','2021-03-23 17:05:57','2021-03-23 17:05:57'),(173,30,869.38,4,1986,9,2,5,3345,3,3,5,1,'Dolore id dicta odio ut quis. Voluptas aliquid magni quod recusandae temporibus accusantium dolorem a. Temporibus non impedit quia ut quidem.','2021-03-23 17:05:57','2021-03-23 17:05:57'),(174,53,346.69,8,2015,3,8,1,9893,1,3,3,4,'Tempore voluptas sint necessitatibus reiciendis molestiae earum. Quaerat voluptas ut voluptate rerum qui sit.','2021-03-23 17:05:57','2021-03-23 17:05:57'),(175,48,65.07,9,2008,4,1,2,8292,4,3,3,3,'Ut laudantium dolor quis qui ut qui. Autem et sint enim consequatur. Nostrum quae voluptates modi hic earum et neque quo.','2021-03-23 17:05:57','2021-03-23 17:05:57'),(176,2,314.49,2,2010,8,9,1,6876,3,5,5,3,'Ut hic veritatis animi dolor in iure dolorem. Deserunt vel ut fuga praesentium. Deserunt cum sit ea ea ducimus necessitatibus illo alias.','2021-03-23 17:05:57','2021-03-23 17:05:57'),(177,26,167.81,7,1976,9,7,4,2877,4,2,2,1,'Quod reiciendis occaecati sed minus. In quia nisi porro corporis qui et eius.','2021-03-23 17:05:57','2021-03-23 17:05:57'),(178,52,454.26,1,2000,3,9,3,300,2,2,4,2,'Ut sed eaque numquam nulla temporibus. Exercitationem quia accusamus enim et voluptatem excepturi.','2021-03-23 17:05:57','2021-03-23 17:05:57'),(179,1,231.10,5,1971,8,2,3,3948,2,3,4,3,'Modi aliquam voluptatum harum autem et qui. Harum necessitatibus non magnam eum praesentium aliquam.','2021-03-23 17:05:57','2021-03-23 17:05:57'),(180,7,122.68,5,2014,1,4,3,4521,1,5,4,2,'Est ipsa voluptas omnis fuga aliquam natus. Molestiae voluptas id sequi harum reiciendis culpa maiores nostrum.','2021-03-23 17:05:57','2021-03-23 17:05:57'),(181,40,87.92,3,2002,2,6,2,1939,5,3,3,2,'Officiis architecto cum sunt perferendis pariatur suscipit. Maiores aliquam qui ut deserunt.','2021-03-23 17:05:57','2021-03-23 17:05:57'),(182,23,450.33,7,1987,15,3,4,9068,2,2,1,3,'A est et illum ea. Maxime perspiciatis dolor quia est dolores omnis cupiditate. Quis quisquam maxime quia iste et.','2021-03-23 17:05:57','2021-03-23 17:05:57'),(183,47,543.09,6,1984,2,6,4,126,1,5,1,4,'Aut et eligendi cupiditate ipsum expedita molestias aut. Vel et modi temporibus ex est placeat exercitationem. Ducimus voluptatem sed quia necessitatibus.','2021-03-23 17:05:57','2021-03-23 17:05:57'),(184,5,457.89,1,1984,9,8,2,4539,4,5,5,5,'Voluptatem iusto eum minus. Consectetur aperiam vel dicta ipsam dolorem voluptatem.','2021-03-23 17:05:57','2021-03-23 17:05:57'),(185,26,262.83,6,2010,15,3,4,5786,3,4,2,2,'Eum quos odit et aperiam optio. Voluptatibus alias in qui ex adipisci excepturi soluta.','2021-03-23 17:05:58','2021-03-23 17:05:58'),(186,18,949.23,2,1979,6,1,5,9011,1,5,2,1,'Culpa non similique facilis maiores occaecati inventore. Laborum maiores et aut et quam placeat tempora velit.','2021-03-23 17:05:58','2021-03-23 17:05:58'),(187,25,-91.23,4,2020,5,6,2,494,2,6,3,2,'Id debitis fugiat nostrum ipsa et eligendi. Suscipit dignissimos in quo harum dicta ut.','2021-03-23 17:05:58','2021-03-23 17:05:58'),(188,5,137.43,2,2016,10,8,5,4254,2,2,3,2,'Minus et explicabo ab id. Non consectetur aliquid culpa dolores. Et blanditiis tenetur perferendis rerum.','2021-03-23 17:05:58','2021-03-23 17:05:58'),(189,16,576.81,9,1992,13,1,4,2088,4,5,4,3,'Quo sapiente aut ullam veniam. Officiis doloribus quibusdam ex eum esse.','2021-03-23 17:05:58','2021-03-23 17:05:58'),(190,41,-79.42,8,1990,2,7,2,6699,4,4,2,4,'Laborum maxime nostrum voluptas ut provident minima. Culpa dolorum error occaecati perferendis.','2021-03-23 17:05:58','2021-03-23 17:05:58'),(191,57,250.47,6,2009,4,7,2,4301,1,5,2,4,'Esse sapiente enim unde libero. Rem fugit sit libero molestiae laboriosam. Nemo quas impedit et sint.','2021-03-23 17:05:58','2021-03-23 17:05:58'),(192,8,-94.77,5,1976,6,1,3,9566,1,4,5,1,'Et ab fugiat voluptate sit incidunt aut et. Sunt iusto nostrum est aut corrupti eum enim. Quisquam velit tempora perspiciatis nostrum in.','2021-03-23 17:05:58','2021-03-23 17:05:58'),(193,31,662.98,10,2017,11,2,5,1567,5,4,3,4,'Facere nisi itaque facilis quo odit perspiciatis. Facere in deleniti voluptatem rerum enim recusandae voluptatibus ut.','2021-03-23 17:05:58','2021-03-23 17:05:58'),(194,54,-80.95,1,1999,11,2,1,2730,4,5,1,3,'Voluptas cum impedit qui quae autem cum rerum et. Recusandae quibusdam sequi accusantium non amet blanditiis necessitatibus. Beatae reprehenderit voluptatibus ut.','2021-03-23 17:05:58','2021-03-23 17:05:58'),(195,56,89.70,1,1979,7,6,5,7084,1,2,1,1,'Quo neque facere iusto nam porro quia. Saepe nostrum dolor est qui ut. Ut est iusto quas sed quas corporis pariatur.','2021-03-23 17:05:58','2021-03-23 17:05:58'),(196,21,248.22,9,2007,5,4,1,1337,3,3,5,5,'Voluptatem similique amet perferendis et voluptatibus. Velit veniam cum fugiat et. Consequatur sequi molestias dignissimos repellat.','2021-03-23 17:05:58','2021-03-23 17:05:58'),(197,8,-27.16,2,1975,10,6,2,5512,3,6,2,4,'Rerum libero enim alias aut similique. Ratione necessitatibus maiores non impedit. Ducimus et necessitatibus ut et.','2021-03-23 17:05:58','2021-03-23 17:05:58'),(198,47,882.40,10,1994,7,6,1,4804,1,5,1,1,'Amet voluptate quia quia dolor suscipit officiis explicabo. Non quos quidem reiciendis provident. Ut excepturi voluptatum doloremque velit et ea.','2021-03-23 17:05:58','2021-03-23 17:05:58'),(199,25,635.32,7,2015,12,1,4,6769,3,6,1,2,'Laborum eos error voluptates. Dolor voluptatum quasi occaecati quod ipsa qui minus.','2021-03-23 17:05:58','2021-03-23 17:05:58'),(200,42,700.28,8,2015,14,6,1,7735,3,2,1,1,'Maiores quasi mollitia vero cumque error. Omnis aut rerum vel necessitatibus quo. Fugit architecto provident nemo omnis minima voluptatem corporis tempore.','2021-03-23 17:05:58','2021-03-23 17:05:58'),(201,48,791.85,3,1993,10,8,1,7119,5,3,5,3,'Quia vitae blanditiis occaecati optio. Ut et asperiores aut libero reprehenderit voluptate sunt. Quis quod fuga necessitatibus officia eaque.','2021-03-23 17:05:58','2021-03-23 17:05:58'),(202,9,936.53,8,1973,6,6,2,5139,5,4,1,1,'Perspiciatis perspiciatis explicabo nulla aut. Et maiores aut sunt ut vel sed. Itaque est praesentium error quod corrupti laudantium.','2021-03-23 17:05:59','2021-03-23 17:05:59'),(203,49,512.38,6,1978,12,6,1,9554,1,4,1,3,'Aliquam tempore ut totam accusantium quia odit. Ducimus sit eum esse magnam aliquid laboriosam sunt incidunt.','2021-03-23 17:05:59','2021-03-23 17:05:59'),(204,35,569.59,7,1995,10,5,1,5253,1,5,4,4,'Repellat suscipit excepturi culpa reiciendis fugit quas. Vero optio consequatur sed sapiente harum dolorum nihil eaque. Magnam exercitationem sapiente libero ut est.','2021-03-23 17:05:59','2021-03-23 17:05:59'),(205,47,374.10,5,2014,15,8,5,6670,5,3,2,5,'Nisi ullam reiciendis cumque autem et et quia. Consectetur explicabo exercitationem id est commodi omnis odio.','2021-03-23 17:05:59','2021-03-23 17:05:59'),(206,2,957.73,9,1994,6,8,2,2250,1,4,2,4,'Asperiores nobis nihil molestiae sed alias. Dicta iure est laboriosam id. In odit eligendi magnam sit est minus dolores.','2021-03-23 17:05:59','2021-03-23 17:05:59'),(207,58,649.34,8,1982,3,5,3,4392,5,3,2,5,'Non rem ut delectus minus deleniti consequatur doloremque eligendi. Eum ex omnis a nostrum vero vitae.','2021-03-23 17:05:59','2021-03-23 17:05:59'),(208,11,150.03,4,1980,13,2,3,3867,2,6,2,2,'Quibusdam quidem voluptatem et et est exercitationem odit. Labore numquam et quibusdam et autem.','2021-03-23 17:05:59','2021-03-23 17:05:59'),(209,18,799.71,4,1994,8,2,1,752,3,4,3,3,'Dolore provident accusamus repellendus ea mollitia laboriosam ut. Est rem in unde. Exercitationem dolor dolores officia voluptas.','2021-03-23 17:05:59','2021-03-23 17:05:59'),(210,6,496.63,7,1980,1,4,1,8132,1,6,1,2,'Reiciendis sit aut ut iste dicta voluptatum. Aut atque soluta rem dolor asperiores laudantium. Veritatis qui ut minus harum.','2021-03-23 17:05:59','2021-03-23 17:05:59'),(211,31,545.07,4,1998,2,7,4,4336,4,6,5,2,'Autem similique ut consectetur commodi. Similique ut enim doloribus consequatur. Quia quo non blanditiis.','2021-03-23 17:05:59','2021-03-23 17:05:59'),(212,44,131.90,10,2015,14,1,1,284,1,3,2,3,'Qui debitis veritatis saepe veniam non atque asperiores. Ut iste animi iure esse eaque. Sint illum qui aut nemo cumque.','2021-03-23 17:05:59','2021-03-23 17:05:59'),(213,17,903.27,2,1987,7,8,4,5355,2,6,4,4,'Aut omnis odit repellendus eaque sunt deleniti et. Quo sed facere ut culpa non soluta.','2021-03-23 17:05:59','2021-03-23 17:05:59'),(214,41,37.29,7,2012,14,8,5,7278,4,5,3,4,'Reprehenderit sed voluptatibus corporis consequuntur. Qui est asperiores est facilis. Est illo esse explicabo laborum.','2021-03-23 17:05:59','2021-03-23 17:05:59'),(215,41,162.37,1,2003,8,2,3,1723,1,4,2,4,'Iste ipsam est porro numquam sit mollitia aut iusto. Qui ut officia minus occaecati soluta et et aut.','2021-03-23 17:05:59','2021-03-23 17:05:59'),(216,18,979.40,9,1998,10,6,3,1448,2,4,5,1,'Recusandae explicabo dolores labore totam. Ducimus iure perspiciatis optio earum repellat assumenda. Sint quis vero quis alias sed odio.','2021-03-23 17:05:59','2021-03-23 17:05:59'),(217,10,602.21,10,2021,14,3,1,5511,4,2,4,1,'Rem rerum illo qui molestiae vero. Itaque sed voluptatem animi facilis eius qui. Hic officia excepturi est quod error.','2021-03-23 17:06:00','2021-03-23 17:06:00'),(218,21,341.31,9,1994,8,1,4,8104,1,4,2,5,'Similique accusamus consequatur aliquid. Asperiores possimus nam in pariatur. Culpa accusamus est adipisci voluptas repellat fuga.','2021-03-23 17:06:00','2021-03-23 17:06:00'),(219,42,239.76,8,2002,8,7,4,7535,3,6,2,2,'Dolorum ea enim quidem. Omnis est dolor fugiat cupiditate.','2021-03-23 17:06:00','2021-03-23 17:06:00'),(220,28,700.39,4,1988,13,5,2,2741,5,6,3,4,'Fugit corporis voluptas consectetur. Consequatur quam ipsam tenetur.','2021-03-23 17:06:00','2021-03-23 17:06:00'),(221,43,180.16,8,1970,5,3,5,5240,3,2,2,2,'Omnis velit et non consequuntur iste sint quia dolorum. Accusantium repellendus provident laboriosam aut qui facilis blanditiis dolores.','2021-03-23 17:06:00','2021-03-23 17:06:00'),(222,6,299.19,5,1975,9,3,4,253,4,5,2,3,'Sed molestiae voluptatum deleniti fuga ratione ullam. In amet mollitia fuga corporis molestiae. Nam sequi sed ut nisi.','2021-03-23 17:06:00','2021-03-23 17:06:00'),(223,15,-64.08,4,1997,7,4,1,2807,5,6,5,5,'Cupiditate voluptas quis delectus saepe inventore. Similique quidem qui illo aperiam.','2021-03-23 17:06:00','2021-03-23 17:06:00'),(224,7,138.06,3,1997,1,4,3,3561,2,5,1,1,'Sed blanditiis suscipit consequatur incidunt quia quis. Tenetur accusantium inventore aut recusandae similique. Officiis distinctio vero excepturi facilis omnis ipsum.','2021-03-23 17:06:00','2021-03-23 17:06:00'),(225,37,959.94,2,2010,9,7,4,8016,3,2,4,1,'Consectetur fuga temporibus aut sed porro consequatur id. Aliquam culpa at odit provident non at aut ratione.','2021-03-23 17:06:00','2021-03-23 17:06:00'),(226,34,138.84,1,1971,13,5,1,3512,1,3,1,1,'Molestias aut rem ad sapiente voluptas. Porro eligendi minus fuga architecto aspernatur voluptas. Voluptatem autem velit vitae voluptatem et.','2021-03-23 17:06:00','2021-03-23 17:06:00'),(227,14,831.59,5,2005,5,8,2,7158,1,2,3,5,'Libero atque quod rerum doloribus. Sequi esse nesciunt eos sed quia est. Deserunt et et ab et soluta consequuntur recusandae.','2021-03-23 17:06:00','2021-03-23 17:06:00'),(228,51,769.95,3,1988,6,3,2,5763,4,5,1,3,'Esse maiores est sint harum sequi. Non aliquam voluptas similique aliquid ut.','2021-03-23 17:06:00','2021-03-23 17:06:00'),(229,10,647.78,8,1993,11,1,5,9007,4,3,3,2,'Fuga suscipit molestiae ad natus dolores in. Quod esse et autem. Cum tenetur ex pariatur quia aut officia minus.','2021-03-23 17:06:00','2021-03-23 17:06:00'),(230,32,413.71,1,1998,6,5,4,5861,5,3,5,4,'Quibusdam voluptatem eveniet saepe doloremque non. Minus sit ea quo debitis asperiores.','2021-03-23 17:06:00','2021-03-23 17:06:00'),(231,14,656.03,3,2004,8,9,1,3066,4,2,3,3,'Magni officiis eum ut dignissimos voluptatem enim quam. Blanditiis quia veniam consectetur sed facilis omnis pariatur.','2021-03-23 17:06:00','2021-03-23 17:06:00'),(232,11,703.09,5,1991,9,7,2,9711,5,5,1,5,'Qui illum aut recusandae aut aperiam. Ut tempore est tempora minima. Eveniet quis similique animi quia et debitis sed.','2021-03-23 17:06:00','2021-03-23 17:06:00'),(233,6,467.45,3,1999,4,5,3,2017,1,4,5,1,'Voluptatem alias qui aliquam earum rerum. Praesentium iusto ut molestiae molestias aliquid quos repellat. Blanditiis sit id unde et minima excepturi quia.','2021-03-23 17:06:01','2021-03-23 17:06:01'),(234,2,669.99,4,1992,10,2,3,9914,3,4,1,3,'Aut pariatur earum expedita ab cumque aut. Dolor molestias illo architecto dolorum. Rem excepturi repellat quaerat.','2021-03-23 17:06:01','2021-03-23 17:06:01'),(235,42,208.08,8,1985,8,4,5,3037,3,5,3,4,'Molestiae fugit voluptas nulla doloribus autem qui. Laborum voluptate iste quae rem sed id.','2021-03-23 17:06:01','2021-03-23 17:06:01'),(236,43,989.08,8,2011,9,8,4,886,1,2,5,4,'Sed repellat vel dolor totam. Deleniti at sunt consequatur odit autem animi.','2021-03-23 17:06:01','2021-03-23 17:06:01'),(237,59,-74.12,10,1988,9,5,1,4939,4,6,1,5,'Dolorem quidem et molestias hic est corrupti alias dignissimos. Itaque dolor vitae et expedita eveniet est.','2021-03-23 17:06:01','2021-03-23 17:06:01'),(238,43,979.40,8,1977,7,8,3,8789,3,2,2,2,'Eligendi eum consectetur excepturi possimus id ullam ex. Rerum quasi velit omnis soluta fugit voluptate.','2021-03-23 17:06:01','2021-03-23 17:06:01'),(239,38,317.09,2,2007,14,6,2,4213,2,6,3,2,'Saepe eos blanditiis nulla nobis libero maiores blanditiis. Aliquam nulla amet autem quae dolor asperiores. Et quia ut officia ratione odit et.','2021-03-23 17:06:01','2021-03-23 17:06:01'),(240,56,630.71,8,2005,5,5,2,3806,4,3,5,4,'Laborum distinctio iste ex debitis unde nulla. Sed magni vero iste voluptatum quo est. Est et amet qui necessitatibus eos.','2021-03-23 17:06:01','2021-03-23 17:06:01'),(241,15,512.65,10,1977,4,7,4,3753,3,6,5,2,'Porro rem modi beatae iusto facilis sit. Ut quisquam et harum quisquam. Pariatur quaerat tempore maiores ipsum rerum voluptates.','2021-03-23 17:06:01','2021-03-23 17:06:01'),(242,50,714.76,5,2012,4,3,5,4207,3,2,5,4,'Fugit minima et molestias magnam ducimus voluptate. Itaque omnis aspernatur dicta repellendus.','2021-03-23 17:06:01','2021-03-23 17:06:01'),(243,50,753.06,5,1986,3,4,3,9461,2,2,2,5,'Facilis facilis eum velit in. Qui nobis commodi voluptatum id doloribus. Illo iste pariatur aut fugit temporibus.','2021-03-23 17:06:01','2021-03-23 17:06:01'),(244,43,621.21,7,2016,1,9,4,298,2,3,3,3,'Alias et fugit corrupti natus ab minus nostrum. Ipsam modi labore necessitatibus qui eos quia nesciunt. Iste facilis rerum rerum qui quia.','2021-03-23 17:06:01','2021-03-23 17:06:01'),(245,11,612.48,2,2005,9,3,2,9381,3,2,3,1,'Ad dolorem non suscipit quis. Qui ut tenetur optio tenetur ut nihil.','2021-03-23 17:06:01','2021-03-23 17:06:01'),(246,58,692.24,9,2020,15,9,2,9444,2,5,5,3,'Aut odio voluptatem ut placeat consequatur quia totam. Ad quibusdam reprehenderit voluptatem ea ad accusamus minus.','2021-03-23 17:06:01','2021-03-23 17:06:01'),(247,4,680.76,10,2004,8,2,3,1479,5,4,2,1,'Veritatis ut rem excepturi veniam. Consequatur repudiandae laboriosam aliquam provident placeat. Quia magnam minus facere provident enim.','2021-03-23 17:06:01','2021-03-23 17:06:01'),(248,60,179.33,5,2009,6,8,5,2040,4,5,2,3,'Dolor odit itaque voluptatibus ut veniam voluptas. Ipsa officiis rerum ipsa tempore. Et aut suscipit et architecto.','2021-03-23 17:06:01','2021-03-23 17:06:01'),(249,22,253.39,2,2021,1,4,3,6890,3,6,3,2,'Id autem et maxime dicta expedita. Esse quia porro unde quaerat occaecati.','2021-03-23 17:06:01','2021-03-23 17:06:01'),(250,56,916.11,3,2008,2,2,2,175,2,2,2,5,'Id nesciunt rerum pariatur sed dolores voluptates. Quaerat sed quia distinctio dicta quidem tempore ipsam.','2021-03-23 17:06:01','2021-03-23 17:06:01'),(251,6,209.91,8,2020,5,9,1,720,2,2,4,2,'Nobis voluptates velit sint debitis optio. Et dolor et doloremque aut sed doloremque ut.','2021-03-23 17:06:02','2021-03-23 17:06:02'),(252,25,155.73,10,1994,7,2,2,1193,3,5,3,3,'Quam autem officiis quidem neque eius. Asperiores provident est itaque accusamus optio. Blanditiis dolorem quo asperiores et.','2021-03-23 17:06:02','2021-03-23 17:06:02'),(253,32,618.83,4,1992,3,1,5,9120,3,4,2,5,'Optio id est enim. Sed in rerum vel.','2021-03-23 17:06:02','2021-03-23 17:06:02'),(254,17,790.54,5,1995,10,8,4,8332,5,4,2,3,'Quam enim sint unde quia et. Et velit et deserunt iure consequatur provident.','2021-03-23 17:06:02','2021-03-23 17:06:02'),(255,34,-62.73,10,2019,10,4,5,7787,1,3,1,4,'Est vel consequatur rerum et quam sit est veniam. Tempora facere ea facilis reiciendis et rerum. Quaerat numquam rerum nostrum ducimus velit laudantium assumenda laudantium.','2021-03-23 17:06:02','2021-03-23 17:06:02'),(256,38,678.22,8,1989,9,9,5,6112,3,4,1,4,'Dolores et accusantium ratione. Tempore ut et perferendis est. Sed sit dolorem saepe dolorem voluptates.','2021-03-23 17:06:02','2021-03-23 17:06:02'),(257,58,860.15,3,2001,5,2,1,6096,1,6,3,2,'Eveniet praesentium quasi commodi facilis quasi sapiente itaque. Qui eligendi voluptatem consequatur enim iste consectetur. Quia et eius ab consectetur placeat.','2021-03-23 17:06:02','2021-03-23 17:06:02'),(258,49,67.27,9,1997,6,2,1,9733,4,6,3,4,'Labore tempora commodi vel aut. Quo alias expedita expedita. Quis officia qui consequatur.','2021-03-23 17:06:02','2021-03-23 17:06:02'),(259,43,919.51,8,2021,10,1,3,9513,4,4,1,3,'Dolor est fugiat modi tempora dolore ipsam deleniti. Officiis rem consequuntur quibusdam et quia quidem.','2021-03-23 17:06:02','2021-03-23 17:06:02'),(260,9,627.79,6,1994,2,2,5,5823,4,2,1,5,'Voluptatem amet maxime quisquam saepe aut eum cum. Dolor deleniti deleniti dolores dolor inventore. Deleniti nemo ut sit explicabo ut amet.','2021-03-23 17:06:02','2021-03-23 17:06:02'),(261,45,877.28,5,2008,5,8,4,913,1,2,5,2,'Non laudantium quis aliquid qui laudantium. Eaque rerum pariatur at. Reiciendis soluta voluptas provident et.','2021-03-23 17:06:02','2021-03-23 17:06:02'),(262,34,301.28,5,1996,13,2,5,723,4,4,4,5,'Ab commodi beatae doloribus delectus tempore. Est omnis facilis sapiente perferendis quaerat.','2021-03-23 17:06:02','2021-03-23 17:06:02'),(263,54,605.90,4,1988,2,1,3,2823,3,6,3,3,'Dolor rerum ipsum reiciendis neque voluptatem sed sed. Laborum voluptatem provident doloribus quod.','2021-03-23 17:06:02','2021-03-23 17:06:02'),(264,12,926.43,4,1992,4,5,5,9712,3,4,4,2,'Sit sunt magnam voluptas sit. Facere qui nam corporis nihil voluptas quas magnam est.','2021-03-23 17:06:02','2021-03-23 17:06:02'),(265,10,926.67,9,1975,12,5,4,6083,1,2,4,1,'Enim illo qui laborum qui eveniet. Voluptatem perspiciatis et minus. Voluptas alias consequatur vel rerum molestias.','2021-03-23 17:06:02','2021-03-23 17:06:02'),(266,57,860.90,6,1973,11,7,3,8778,2,2,4,2,'Molestiae deleniti expedita quia alias delectus quo dolor velit. Sit temporibus optio perspiciatis atque ut blanditiis.','2021-03-23 17:06:02','2021-03-23 17:06:02'),(267,15,246.78,1,1984,12,5,1,541,1,5,5,2,'Porro molestiae est voluptatum. Rerum rerum nesciunt quaerat. Et fugit odio id ut ipsa.','2021-03-23 17:06:02','2021-03-23 17:06:02'),(268,20,933.55,4,2001,9,3,4,4740,3,3,4,4,'Sint odit aut quia animi laborum ipsum. Laboriosam quis voluptatem itaque velit aut aliquam. Et qui dicta iure molestias velit beatae eius.','2021-03-23 17:06:02','2021-03-23 17:06:02'),(269,51,624.46,8,2017,3,4,2,2907,5,3,5,4,'Corporis eum ad cum modi qui eum. Itaque ducimus est et atque quidem. Eius eos in quidem at.','2021-03-23 17:06:02','2021-03-23 17:06:02'),(270,53,859.25,4,1997,1,4,3,1056,1,5,2,1,'Facere autem repudiandae optio aspernatur. Quam recusandae amet doloremque similique excepturi ut alias.','2021-03-23 17:06:03','2021-03-23 17:06:03'),(271,56,-63.93,1,1997,15,1,3,1800,4,3,1,2,'Aliquam fuga non dolorem quia deleniti. Quo esse dolore et. Dolor quo minus cumque libero ipsam.','2021-03-23 17:06:03','2021-03-23 17:06:03'),(272,34,165.84,6,2001,2,4,1,8328,3,4,4,3,'Vero corporis quod harum assumenda rerum rerum consectetur. Eos quibusdam aut quia porro maiores et. Minima dolor ut atque.','2021-03-23 17:06:03','2021-03-23 17:06:03'),(273,40,698.58,5,1981,9,2,5,4176,4,4,5,3,'Quis exercitationem dolorem delectus quos tenetur quibusdam. Deleniti qui consequatur quis voluptatem vitae alias est magnam. Unde repellat suscipit iste nostrum laborum.','2021-03-23 17:06:03','2021-03-23 17:06:03'),(274,3,46.36,3,1995,3,4,3,6492,1,6,5,3,'Iusto velit et voluptatum quasi. Ex sapiente temporibus pariatur consequatur similique perferendis voluptatem et.','2021-03-23 17:06:03','2021-03-23 17:06:03'),(275,35,274.75,3,1986,9,2,2,9089,4,4,5,3,'Quae repudiandae autem ullam impedit sed ut et. Quo ut ut et. Aut delectus beatae assumenda modi quis.','2021-03-23 17:06:03','2021-03-23 17:06:03'),(276,55,15.99,4,2016,10,3,4,4023,2,2,4,3,'Aut sed consectetur illo illo sed labore. Dolores praesentium dolorum architecto eligendi. Ut quia quia similique facilis sed incidunt.','2021-03-23 17:06:03','2021-03-23 17:06:03'),(277,31,910.21,9,1979,4,2,4,7756,3,3,4,1,'Expedita sit asperiores quae accusantium mollitia omnis. Voluptates labore autem distinctio aperiam nostrum fuga. Distinctio dicta sint illo velit vitae vero eveniet.','2021-03-23 17:06:03','2021-03-23 17:06:03'),(278,7,800.71,8,1998,15,2,2,7485,1,6,5,3,'Sit voluptates doloribus cum quia nulla. Iure pariatur error quia qui.','2021-03-23 17:06:03','2021-03-23 17:06:03'),(279,21,353.72,7,2001,1,3,5,2485,1,5,1,1,'Dolorem natus id qui. Id pariatur voluptatibus dolore voluptas quos nulla. Quisquam ex voluptates numquam explicabo recusandae.','2021-03-23 17:06:03','2021-03-23 17:06:03'),(280,28,343.11,8,1998,9,7,5,2462,3,2,3,5,'Corrupti commodi optio est fuga non aspernatur in. Ipsum hic illo ea. Quia repellendus ut dolore.','2021-03-23 17:06:03','2021-03-23 17:06:03'),(281,35,162.93,1,2009,2,2,1,3887,3,5,3,4,'Qui quo omnis itaque. Laborum unde autem est voluptatem ut impedit.','2021-03-23 17:06:03','2021-03-23 17:06:03'),(282,16,926.44,6,1995,6,1,2,8468,4,3,4,1,'Est et est quas sit quo delectus omnis. Dolore inventore cumque dolores tempore voluptas et reiciendis. Dolore molestiae quas libero exercitationem.','2021-03-23 17:06:03','2021-03-23 17:06:03'),(283,4,751.67,5,2010,9,6,4,2343,4,6,1,2,'Unde eum officiis eum consequatur. Tempore omnis asperiores consequatur. Iure dolores amet explicabo cupiditate laboriosam rerum.','2021-03-23 17:06:03','2021-03-23 17:06:03'),(284,56,-7.17,1,2015,6,1,2,956,4,2,5,2,'Qui libero sed nesciunt fugiat sapiente dolor. Inventore sapiente repellat rerum soluta. Molestias et est placeat quia accusamus ipsum amet.','2021-03-23 17:06:03','2021-03-23 17:06:03'),(285,1,997.75,3,1974,4,5,4,5828,1,6,4,2,'Et fuga eveniet id. Ea ex deserunt fuga eum sit. Esse et blanditiis rerum sunt est.','2021-03-23 17:06:03','2021-03-23 17:06:03'),(286,54,983.52,2,1977,10,6,3,285,4,4,5,5,'Quaerat in quia at. Veritatis ut id ea alias molestiae.','2021-03-23 17:06:03','2021-03-23 17:06:03'),(287,45,803.92,2,2013,4,6,4,980,3,4,5,2,'Suscipit molestiae minima adipisci rerum odit ratione consequatur. Ab commodi quis consequuntur consequatur.','2021-03-23 17:06:04','2021-03-23 17:06:04'),(288,29,950.80,3,1986,14,4,5,9395,1,6,3,1,'Reprehenderit fugiat est qui nobis enim. Sed incidunt maiores nam ex. Amet omnis maxime exercitationem sed.','2021-03-23 17:06:04','2021-03-23 17:06:04'),(289,30,556.62,1,2001,12,4,5,569,1,5,1,2,'Harum sapiente sunt quos repudiandae id quae et. Praesentium deserunt necessitatibus doloremque quam qui eius quibusdam.','2021-03-23 17:06:04','2021-03-23 17:06:04'),(290,32,104.38,3,2020,5,9,4,9979,3,3,4,4,'Quia in quidem alias. Ea consequuntur corporis culpa a qui quos ea repellendus. Est dolor dolorum voluptatem aut ut minima.','2021-03-23 17:06:04','2021-03-23 17:06:04'),(291,26,975.71,6,2010,11,1,3,1953,4,5,2,3,'Cum et eos asperiores architecto cupiditate. Voluptatum natus commodi laborum vitae. Sapiente qui ut nemo debitis est distinctio quibusdam.','2021-03-23 17:06:04','2021-03-23 17:06:04'),(292,30,704.81,5,1982,11,1,4,6130,5,6,1,2,'Non temporibus nihil nulla fuga neque blanditiis. Ut quidem consequatur sunt enim aut pariatur. Excepturi natus qui repellat et error magnam aut perferendis.','2021-03-23 17:06:04','2021-03-23 17:06:04'),(293,40,956.37,2,1972,4,9,4,1832,2,5,3,5,'Debitis molestias sit soluta aspernatur corrupti quod. Pariatur temporibus fugiat quibusdam.','2021-03-23 17:06:04','2021-03-23 17:06:04'),(294,43,64.57,8,2010,8,2,4,6231,1,4,1,4,'Cupiditate maxime dolorum distinctio quisquam magni in sit. Aut quia numquam et.','2021-03-23 17:06:04','2021-03-23 17:06:04'),(295,5,994.76,5,1988,7,5,1,711,5,4,4,3,'Cum quis blanditiis nihil numquam occaecati laborum accusantium dolorem. Enim voluptate ipsum provident necessitatibus ipsum iusto.','2021-03-23 17:06:04','2021-03-23 17:06:04'),(296,23,953.32,3,1998,3,9,1,5539,1,3,4,3,'Nesciunt porro non nihil atque sequi maxime. Qui voluptatum repudiandae est aliquam nam repellendus.','2021-03-23 17:06:04','2021-03-23 17:06:04'),(297,53,447.23,5,2010,11,2,4,4933,4,5,1,1,'Vero porro nihil aut corrupti repellat animi. Rem rem tempore eum accusantium velit nostrum ut error.','2021-03-23 17:06:04','2021-03-23 17:06:04'),(298,30,363.14,2,2011,13,1,3,4692,2,4,3,5,'Officia autem dolores ullam dolor debitis nam. Quo voluptatem temporibus facere in temporibus recusandae. Est voluptate cumque accusantium amet odit.','2021-03-23 17:06:04','2021-03-23 17:06:04'),(299,18,711.57,3,1998,6,4,4,2216,4,2,1,5,'Voluptas nesciunt velit dolorem hic itaque quae. Cumque sed sed illo et quo voluptatibus. Aut consectetur nihil laborum labore repellendus rerum.','2021-03-23 17:06:04','2021-03-23 17:06:04'),(300,15,563.26,6,2010,3,8,1,4610,2,2,4,4,'Et qui et sunt recusandae harum temporibus at. Dignissimos distinctio magnam voluptates quae.','2021-03-23 17:06:04','2021-03-23 17:06:04'),(301,21,937.93,1,2006,8,6,1,8468,3,2,4,2,'Error et quibusdam ut numquam. Vitae impedit sit sit quisquam.','2021-03-23 17:06:05','2021-03-23 17:06:05'),(302,55,533.55,2,2001,5,6,1,1203,5,6,4,3,'Assumenda tempore optio culpa ullam voluptatem dolores cum maiores. Ea explicabo iste quasi non. Veritatis quibusdam vel corrupti.','2021-03-23 17:06:05','2021-03-23 17:06:05'),(303,40,593.00,4,1992,7,9,5,5785,5,5,3,3,'Accusamus dolor atque ad architecto. Earum et aperiam sunt.','2021-03-23 17:06:05','2021-03-23 17:06:05'),(304,49,77.16,3,1998,10,9,4,9187,2,5,1,3,'Enim nihil modi cumque doloribus quibusdam. Hic quia recusandae at hic illum.','2021-03-23 17:06:05','2021-03-23 17:06:05'),(305,14,615.30,1,1972,1,9,2,8826,2,6,3,2,'Rerum labore repudiandae qui soluta. Ut porro tempora in voluptatum aut suscipit ullam. Velit velit autem voluptate tempora.','2021-03-23 17:06:05','2021-03-23 17:06:05'),(306,20,567.40,7,2009,8,9,3,2499,4,3,3,4,'Deserunt non numquam doloribus facilis. Velit molestiae harum earum sed. Voluptatem voluptatem et ea.','2021-03-23 17:06:05','2021-03-23 17:06:05'),(307,45,856.42,6,1992,10,7,3,4002,2,2,5,5,'Perferendis ullam corporis et eos reiciendis ea vero. Pariatur consequatur labore repellendus repudiandae enim ut voluptas omnis.','2021-03-23 17:06:05','2021-03-23 17:06:05'),(308,40,575.75,7,1986,3,1,3,6938,2,6,2,3,'Commodi magnam ullam aperiam velit ipsam est est rerum. Autem molestias animi vel fugiat sed repellat ea. Labore laudantium expedita maiores consequuntur.','2021-03-23 17:06:05','2021-03-23 17:06:05'),(309,8,582.25,8,1980,1,8,5,6990,3,2,3,3,'Fuga alias et voluptatem eos quae. Repudiandae architecto exercitationem est quod odio. Eos eaque repellendus incidunt eaque cum.','2021-03-23 17:06:05','2021-03-23 17:06:05'),(310,2,470.23,5,1974,9,1,2,9160,2,3,4,5,'Dolore placeat repellat veniam eius itaque excepturi et dolor. In nam quia doloremque dolor minus. Maxime eius ut eligendi non sed placeat.','2021-03-23 17:06:05','2021-03-23 17:06:05'),(311,58,336.54,4,2009,9,2,4,4025,4,4,2,3,'Magni et dolorum et doloremque. Consequatur recusandae qui impedit corporis quibusdam doloremque omnis. Ducimus occaecati excepturi aut aut eaque.','2021-03-23 17:06:05','2021-03-23 17:06:05'),(312,59,67.34,6,2012,4,1,4,1978,3,2,5,4,'Quod ea impedit architecto exercitationem quod cum excepturi. Temporibus dicta ipsam reiciendis voluptatem voluptatem aperiam qui.','2021-03-23 17:06:05','2021-03-23 17:06:05'),(313,35,626.48,1,2012,7,3,1,2771,4,6,1,4,'Itaque sunt exercitationem eos illo. Dolores modi est saepe minus officiis provident.','2021-03-23 17:06:05','2021-03-23 17:06:05'),(314,37,557.81,8,1978,2,2,4,6790,1,2,1,5,'Aspernatur aperiam nemo sint sunt neque odio eius. Aliquid beatae possimus dolor magnam veritatis aut.','2021-03-23 17:06:05','2021-03-23 17:06:05'),(315,40,558.13,5,1988,2,1,4,279,1,3,3,4,'Veniam in sit molestias. Saepe rem laboriosam beatae provident dolorem quae aut incidunt.','2021-03-23 17:06:05','2021-03-23 17:06:05'),(316,47,185.98,5,1974,4,6,4,5626,1,6,2,2,'Officia enim quasi sit esse. Aliquid ut aut vel qui officia itaque dolores. Cum quos consequuntur modi velit nesciunt magni.','2021-03-23 17:06:05','2021-03-23 17:06:05'),(317,41,984.44,5,2010,6,2,3,5759,2,6,5,1,'Nam non rem cum possimus cum unde earum porro. Sequi corrupti possimus iusto facilis temporibus et. Numquam at hic dignissimos.','2021-03-23 17:06:06','2021-03-23 17:06:06'),(318,48,35.78,9,1973,10,2,4,6975,4,2,1,3,'Reprehenderit nesciunt dolorum pariatur expedita. Nesciunt praesentium voluptatem eveniet sunt. Commodi quis aut quia aliquid rerum rem.','2021-03-23 17:06:06','2021-03-23 17:06:06'),(319,51,-74.00,7,1979,15,4,2,9253,1,6,3,2,'Eum velit quis dolorem. Aliquam quo rerum ratione quo dolor.','2021-03-23 17:06:06','2021-03-23 17:06:06'),(320,48,73.97,3,1977,1,5,3,3508,5,2,4,2,'Placeat labore iste deleniti earum dolorem. Esse natus nesciunt sed quas ad sunt quia.','2021-03-23 17:06:06','2021-03-23 17:06:06'),(321,28,182.76,7,2008,9,9,1,2923,3,4,2,3,'Expedita tenetur autem omnis sit. Deleniti eaque ut in quos sit. Temporibus fugiat sequi et et soluta soluta.','2021-03-23 17:06:06','2021-03-23 17:06:06'),(322,22,911.79,5,1990,6,6,4,5849,2,3,2,5,'Ut architecto beatae nemo et corrupti perspiciatis ea aut. Quo possimus ex atque et modi. Rerum dolor eaque soluta aut explicabo consequatur et.','2021-03-23 17:06:06','2021-03-23 17:06:06'),(323,2,-41.90,1,2005,15,3,4,5068,2,2,1,1,'Aut nulla aliquid nam. Qui quisquam ut reprehenderit excepturi et sunt voluptatem. Ut repellendus atque ut nulla voluptas ut nemo.','2021-03-23 17:06:06','2021-03-23 17:06:06'),(324,16,194.63,7,2007,10,5,4,4599,3,4,1,2,'Nisi aut enim ut eos reprehenderit. Tenetur natus consequuntur atque voluptatem architecto provident impedit.','2021-03-23 17:06:06','2021-03-23 17:06:06'),(325,37,511.95,6,1989,8,6,1,9977,1,4,2,4,'Temporibus facere nam dolor molestiae cupiditate iste. Ea nisi veniam non officiis facilis est. Nihil omnis qui reiciendis aperiam.','2021-03-23 17:06:06','2021-03-23 17:06:06'),(326,26,443.48,5,2007,2,8,3,4150,1,6,3,3,'Ut temporibus reiciendis maiores quis voluptas veritatis voluptatem. Provident consectetur incidunt blanditiis possimus eum. Deserunt officiis ipsa nam quis aut nesciunt.','2021-03-23 17:06:06','2021-03-23 17:06:06'),(327,12,991.22,1,2007,10,8,2,3235,2,4,1,1,'Voluptatem iusto doloribus non ab magni quasi. Sunt totam laudantium et aut blanditiis ratione. Mollitia accusamus esse ea corrupti molestiae cumque.','2021-03-23 17:06:06','2021-03-23 17:06:06'),(328,57,961.21,5,1989,9,8,4,8489,4,3,2,5,'Sunt quidem in iusto et et omnis ea. Veniam et exercitationem veniam quos adipisci beatae earum. Dolores aliquid nobis quia sint et dolor.','2021-03-23 17:06:06','2021-03-23 17:06:06'),(329,36,462.11,2,2021,5,2,3,3112,5,2,3,4,'Libero aut adipisci et. Voluptatem sint ut aperiam et magni suscipit. Aliquam est itaque occaecati quos.','2021-03-23 17:06:06','2021-03-23 17:06:06'),(330,29,603.74,3,1996,14,9,1,8019,1,6,5,2,'Natus atque magnam consequatur et. Eaque quam et consequuntur aperiam hic ipsa sunt eligendi.','2021-03-23 17:06:06','2021-03-23 17:06:06'),(331,40,596.86,10,1975,12,5,4,5389,2,2,2,4,'Ut non praesentium sint. Nobis et aperiam voluptatem explicabo. Eum nam incidunt iste et.','2021-03-23 17:06:06','2021-03-23 17:06:06'),(332,60,13.48,6,2012,2,8,4,4241,2,4,1,2,'Nesciunt incidunt quis cumque qui. Totam quisquam praesentium accusamus voluptatem.','2021-03-23 17:06:06','2021-03-23 17:06:06'),(333,51,577.37,3,1998,12,1,4,6037,4,2,3,3,'Nihil excepturi quisquam dignissimos similique ullam. Reprehenderit sint a eos quos voluptates.','2021-03-23 17:06:06','2021-03-23 17:06:06'),(334,46,826.89,2,1971,1,5,5,827,3,2,1,5,'Ullam repudiandae incidunt sequi quia dolor et. Esse numquam voluptatem id harum sequi repudiandae quasi.','2021-03-23 17:06:06','2021-03-23 17:06:06'),(335,27,83.04,10,2017,13,8,3,4152,4,4,5,3,'Reiciendis quia nisi doloribus harum temporibus iste. Et dolores et quae aut molestias molestias magnam. Quisquam eaque eum vel consequatur.','2021-03-23 17:06:06','2021-03-23 17:06:06'),(336,18,477.79,6,1984,14,4,2,4351,4,4,4,3,'Vero praesentium fuga qui maiores repellendus corrupti vel rerum. Suscipit voluptate voluptatibus vel eos libero vitae. Qui officia voluptatem maiores.','2021-03-23 17:06:06','2021-03-23 17:06:06'),(337,22,179.50,1,2008,5,9,3,9634,1,3,2,1,'Nesciunt nobis quam inventore explicabo. Accusamus sit nulla dicta optio provident enim laboriosam dolores.','2021-03-23 17:06:07','2021-03-23 17:06:07'),(338,42,742.43,3,2010,6,9,2,1658,2,2,2,1,'Autem rerum quo voluptatibus cupiditate numquam tempora. Qui iusto alias autem ut. Maxime illum amet delectus ullam repudiandae.','2021-03-23 17:06:07','2021-03-23 17:06:07'),(339,13,329.09,8,2013,4,1,4,7378,3,6,1,3,'Explicabo sed molestiae voluptas non recusandae nostrum molestiae. Voluptatum necessitatibus voluptates mollitia veritatis voluptas.','2021-03-23 17:06:07','2021-03-23 17:06:07'),(340,45,670.02,1,1993,9,6,4,9597,3,3,5,5,'Recusandae esse architecto architecto error. Repudiandae quae deserunt consequatur facilis consequatur nisi.','2021-03-23 17:06:07','2021-03-23 17:06:07'),(341,17,570.61,2,1997,2,9,5,6349,4,6,2,2,'Voluptates officia id inventore blanditiis blanditiis sed. Quibusdam nemo recusandae vel velit reprehenderit. Maxime quod et dolorum sint cum architecto et optio.','2021-03-23 17:06:07','2021-03-23 17:06:07'),(342,55,109.73,4,2008,9,1,2,5181,2,6,1,2,'Voluptates alias adipisci possimus ut. Ex dolore veniam possimus ipsa soluta.','2021-03-23 17:06:07','2021-03-23 17:06:07'),(343,37,207.73,10,1992,6,6,2,7649,3,5,4,4,'Voluptatem fugit dolor eum saepe alias eius. Ipsa qui ut molestiae commodi et adipisci.','2021-03-23 17:06:07','2021-03-23 17:06:07'),(344,36,483.78,1,2018,6,6,3,426,5,5,5,3,'Est illo nam quia est laborum aspernatur. Beatae voluptatem sit quia odit iusto.','2021-03-23 17:06:07','2021-03-23 17:06:07'),(345,42,70.64,7,1973,6,2,4,1079,1,4,4,5,'Qui expedita eos voluptatibus nulla commodi rem facere fugit. Quia accusamus aperiam qui amet assumenda reprehenderit itaque.','2021-03-23 17:06:07','2021-03-23 17:06:07'),(346,48,33.06,4,1994,3,6,1,6511,4,2,1,1,'Voluptatum nemo similique saepe. Ducimus incidunt quod aspernatur eius qui in nulla sint. In deserunt dolorem quo excepturi doloribus nulla quia.','2021-03-23 17:06:07','2021-03-23 17:06:07'),(347,55,760.95,9,2002,5,9,5,4425,4,5,2,1,'Molestias velit assumenda nisi quidem. Voluptatibus maxime nobis et tempore id optio architecto.','2021-03-23 17:06:07','2021-03-23 17:06:07'),(348,24,175.34,1,1993,5,8,2,8664,3,3,3,4,'Ad voluptatem consequuntur veniam ab veniam itaque possimus. Iusto in iure aperiam voluptas molestiae molestiae laborum non.','2021-03-23 17:06:07','2021-03-23 17:06:07'),(349,36,-25.54,7,1990,7,7,4,6418,4,5,5,2,'Sit delectus maxime aut sint. Inventore sit rerum aut veniam eius.','2021-03-23 17:06:07','2021-03-23 17:06:07'),(350,22,768.74,5,2015,6,3,1,2510,3,2,1,2,'Aliquid totam autem est. Ipsum dicta mollitia atque et voluptatem. Ad perferendis sit quos in dolores.','2021-03-23 17:06:07','2021-03-23 17:06:07'),(351,57,83.46,8,1988,1,3,4,8884,2,5,3,2,'A facere ea magni quisquam iure neque dolores. Neque incidunt temporibus et deleniti.','2021-03-23 17:06:07','2021-03-23 17:06:07'),(352,36,-26.28,6,1974,8,5,5,6997,4,4,2,4,'Eos soluta aut vitae consequatur ut sint. Sunt nisi a numquam non et vitae.','2021-03-23 17:06:07','2021-03-23 17:06:07'),(353,11,184.54,2,1975,5,1,1,7292,4,5,3,3,'Minima qui qui culpa. In sequi nam corrupti est est vitae non. Molestiae blanditiis et architecto aut cupiditate.','2021-03-23 17:06:07','2021-03-23 17:06:07'),(354,44,-5.65,10,1988,14,1,5,8043,3,6,2,2,'Voluptatibus vitae dolores voluptatem voluptate est voluptatem. Rerum vitae ducimus laboriosam fugiat quaerat rerum maiores. Maxime eos voluptates iste modi recusandae.','2021-03-23 17:06:07','2021-03-23 17:06:07'),(355,9,839.12,2,2005,6,1,3,5535,4,2,4,2,'Qui esse recusandae fugit optio exercitationem. Dolorem odit neque ad esse pariatur. Sit ut reiciendis eos ducimus.','2021-03-23 17:06:08','2021-03-23 17:06:08'),(356,47,296.72,1,1979,6,3,2,835,4,4,5,2,'Nihil ut unde aut praesentium saepe molestiae. Eum ipsum voluptatem ad ut odio deserunt.','2021-03-23 17:06:08','2021-03-23 17:06:08'),(357,29,294.86,5,1997,3,4,1,4496,5,6,5,4,'Reprehenderit natus et iure consectetur nesciunt voluptas. Est et sunt corporis.','2021-03-23 17:06:08','2021-03-23 17:06:08'),(358,41,210.97,2,1990,5,5,1,7105,3,5,3,1,'Quia expedita iste dolorem. Sequi reiciendis fugit voluptatem aliquam maiores est sapiente illum.','2021-03-23 17:06:08','2021-03-23 17:06:08'),(359,30,294.27,3,1977,13,7,4,1527,5,6,4,5,'Sit veniam accusantium iusto aliquid nihil ex natus. Eveniet hic enim aut non rerum.','2021-03-23 17:06:08','2021-03-23 17:06:08'),(360,17,106.31,8,2013,8,1,5,2790,2,3,1,5,'Voluptatibus aperiam aut autem voluptatem officia consequatur voluptas. Dicta eos est officia dolorem quae ducimus.','2021-03-23 17:06:08','2021-03-23 17:06:08'),(361,25,797.11,4,1999,5,2,1,1934,5,6,4,4,'Reiciendis aut occaecati odio et. Praesentium inventore ipsa et qui. Eos atque illo aut sequi ipsa assumenda.','2021-03-23 17:06:08','2021-03-23 17:06:08'),(362,48,437.00,4,2010,10,4,1,1245,4,4,3,1,'Placeat officia numquam nisi. Eos sit doloremque tempore amet excepturi id saepe et.','2021-03-23 17:06:08','2021-03-23 17:06:08'),(363,38,607.69,4,1972,14,9,3,6325,1,4,3,1,'Iste iure eum nobis iste laboriosam. Rerum aliquid laborum qui. Distinctio est quia iste aut vero eos quo.','2021-03-23 17:06:08','2021-03-23 17:06:08'),(364,60,750.80,10,2004,11,2,4,2903,5,2,2,2,'Et id soluta quia neque dicta deserunt repellat tenetur. Aut officiis et sunt qui vel est deserunt repudiandae. In nisi ratione aut provident occaecati quia et.','2021-03-23 17:06:08','2021-03-23 17:06:08'),(365,18,540.96,1,1987,7,1,3,6027,5,2,5,4,'Repellat repudiandae voluptatem deleniti cupiditate omnis. Sunt veniam similique quisquam earum.','2021-03-23 17:06:08','2021-03-23 17:06:08'),(366,55,941.77,2,1988,6,1,2,6331,4,5,2,4,'Rerum earum est magni hic reprehenderit quis fugiat. Voluptate nam et veritatis doloremque facere.','2021-03-23 17:06:08','2021-03-23 17:06:08'),(367,42,697.58,9,2020,7,3,4,8103,4,3,5,2,'Natus sed suscipit totam et rerum in culpa. Alias est quos corporis fugit facere rem deserunt eos. Quibusdam ipsam repellendus harum distinctio ut.','2021-03-23 17:06:08','2021-03-23 17:06:08'),(368,15,777.99,4,1997,1,4,3,3963,1,2,2,2,'Omnis deleniti est eos sit asperiores. Et a velit aut excepturi. Quia facilis harum omnis est est quo porro.','2021-03-23 17:06:08','2021-03-23 17:06:08'),(369,12,867.54,6,2019,4,3,2,8154,4,3,2,1,'Distinctio vel alias aspernatur harum eligendi quia veniam. Debitis est consequatur nesciunt eligendi sunt dolorem.','2021-03-23 17:06:08','2021-03-23 17:06:08'),(370,5,367.44,8,2007,15,5,1,8996,2,6,5,1,'Libero qui molestiae consequatur perferendis eos inventore tenetur velit. Qui consectetur voluptates sequi ipsam dolorem accusantium.','2021-03-23 17:06:08','2021-03-23 17:06:08'),(371,31,-34.87,9,2016,10,3,1,140,5,5,4,3,'Ut dolores eligendi incidunt doloremque qui facere quas. Modi voluptatibus est non facilis minus explicabo perspiciatis eaque. Omnis dolores rerum iusto ipsa.','2021-03-23 17:06:08','2021-03-23 17:06:08'),(372,52,659.17,10,2000,1,9,2,348,3,4,4,5,'Qui quis voluptas sit fuga veniam ut quia. Eos odit culpa velit blanditiis libero quis aliquid. Ad dolorem perspiciatis tempore ea voluptas.','2021-03-23 17:06:08','2021-03-23 17:06:08'),(373,35,171.98,3,1976,4,8,1,3197,5,4,4,2,'Recusandae quos quasi natus minus. Dolor qui voluptatem qui sequi.','2021-03-23 17:06:09','2021-03-23 17:06:09'),(374,6,481.81,9,1980,15,4,5,2520,5,2,1,5,'Tempora odio iste qui. Nihil architecto voluptates excepturi eveniet tenetur rerum minus. Aut rem aut iste.','2021-03-23 17:06:09','2021-03-23 17:06:09'),(375,26,803.65,1,1987,12,9,2,1556,2,3,5,2,'Dignissimos autem est eum ab iusto debitis voluptatem perferendis. Sunt quasi sit rerum molestias temporibus. Nulla ratione blanditiis sed nihil rerum illo cumque.','2021-03-23 17:06:09','2021-03-23 17:06:09'),(376,29,662.28,8,2005,9,8,5,7762,1,3,4,3,'Dolorem autem rerum sequi consequatur deserunt voluptas accusantium voluptas. Praesentium sint non nemo vero quo.','2021-03-23 17:06:09','2021-03-23 17:06:09'),(377,33,51.23,5,2016,14,9,1,7675,5,3,1,2,'Quo sunt harum repellat sunt velit. Cum recusandae similique et quam.','2021-03-23 17:06:09','2021-03-23 17:06:09'),(378,49,-92.02,5,1998,7,7,3,5680,5,4,4,3,'Ut omnis qui voluptatem occaecati ratione rerum. Ab libero minima nisi. Et pariatur repellat sunt aut.','2021-03-23 17:06:09','2021-03-23 17:06:09'),(379,23,359.48,2,1972,5,6,3,625,4,6,1,1,'At nulla magni aut. Mollitia facere nostrum et sed aut illum consequatur sit.','2021-03-23 17:06:09','2021-03-23 17:06:09'),(380,60,743.82,10,1994,10,2,2,4257,1,5,2,2,'Cupiditate voluptatem ullam debitis id asperiores asperiores itaque. Illum sit accusamus molestiae ut amet dolores.','2021-03-23 17:06:09','2021-03-23 17:06:09'),(381,58,701.23,5,2013,13,6,1,3488,2,4,3,2,'Numquam nam non non ut. Qui facilis neque hic. Dignissimos numquam minima dolorem debitis ut impedit magni.','2021-03-23 17:06:09','2021-03-23 17:06:09'),(382,31,142.95,5,2007,11,6,3,8702,5,6,3,5,'Quia et quos asperiores ipsum. Officia sit nulla nostrum expedita.','2021-03-23 17:06:09','2021-03-23 17:06:09'),(383,16,159.37,6,2010,5,1,2,3416,2,2,2,2,'Doloribus et voluptatibus laboriosam omnis vitae. Quia molestiae quas suscipit doloremque totam hic.','2021-03-23 17:06:09','2021-03-23 17:06:09'),(384,38,994.00,9,1993,2,8,3,6546,1,6,5,3,'Quo corporis eos odit quia autem consequatur. Perferendis rerum error ipsum dolore nam et debitis. Et recusandae iste fugiat cum sed rerum exercitationem.','2021-03-23 17:06:09','2021-03-23 17:06:09'),(385,21,436.80,9,1991,3,3,2,9504,3,3,1,5,'Itaque doloremque similique molestiae repellat debitis pariatur. Deserunt dicta amet quasi voluptatem laborum non. Iure quae voluptate quis et aut est aut sit.','2021-03-23 17:06:09','2021-03-23 17:06:09'),(386,5,237.46,10,1985,5,7,2,5193,3,2,2,4,'Laboriosam sint laboriosam quia officia. Excepturi optio maiores maiores dolorum et rerum et delectus.','2021-03-23 17:06:09','2021-03-23 17:06:09'),(387,50,271.14,10,2020,2,5,3,7616,1,5,2,2,'Qui sint ullam quidem voluptatibus enim aut ut. Quo perspiciatis blanditiis et repellendus officiis.','2021-03-23 17:06:09','2021-03-23 17:06:09'),(388,50,561.87,3,2012,15,1,1,1898,5,5,5,5,'Qui dicta deleniti qui omnis excepturi nihil harum. Sunt repellendus vel alias aut sunt eius amet.','2021-03-23 17:06:09','2021-03-23 17:06:09'),(389,57,973.07,4,1973,7,4,4,5654,3,5,3,1,'Et minus velit commodi aut ab. Nobis laborum molestiae rerum fugit.','2021-03-23 17:06:09','2021-03-23 17:06:09'),(390,40,435.44,7,1986,13,3,2,4225,4,6,3,4,'Ipsum non in omnis ipsum autem. Vitae et nostrum quos. Architecto eum et et itaque sit.','2021-03-23 17:06:09','2021-03-23 17:06:09'),(391,41,576.84,7,2013,10,9,1,2681,2,5,5,1,'Odit aliquam aut molestiae beatae nobis aut aut. Explicabo laborum error magni iure reprehenderit mollitia maxime.','2021-03-23 17:06:10','2021-03-23 17:06:10'),(392,54,444.38,8,1986,6,9,2,3821,2,5,3,5,'Quisquam rerum itaque harum expedita qui at. Corporis autem nihil qui id iusto culpa.','2021-03-23 17:06:10','2021-03-23 17:06:10'),(393,42,601.69,2,2015,9,4,2,9424,5,4,2,2,'Reprehenderit ducimus error explicabo repudiandae vero ad officiis. Consequuntur distinctio dolorem autem nisi a. Id a nisi reprehenderit ut quia ut.','2021-03-23 17:06:10','2021-03-23 17:06:10'),(394,23,541.81,2,1981,8,2,3,5583,5,5,4,1,'Voluptatum ipsam laborum nobis est saepe. Maxime fugiat qui dolores adipisci voluptas deleniti ea.','2021-03-23 17:06:10','2021-03-23 17:06:10'),(395,60,235.48,5,1995,15,8,3,211,3,5,4,4,'Doloremque dicta pariatur ut ex sed aperiam. Sapiente omnis est earum qui.','2021-03-23 17:06:10','2021-03-23 17:06:10'),(396,1,744.29,3,1998,14,2,3,3976,2,6,3,4,'Aliquid ut officiis magni perspiciatis nihil ut. Fugiat similique perferendis ullam enim.','2021-03-23 17:06:10','2021-03-23 17:06:10'),(397,53,764.19,2,2004,8,1,2,3918,1,3,3,1,'Odio et similique provident praesentium atque. Distinctio officiis ab tempore. Eos itaque a provident minima unde et occaecati.','2021-03-23 17:06:10','2021-03-23 17:06:10'),(398,40,630.29,10,1994,5,6,5,906,4,3,1,1,'Iste dolorem aut molestiae molestiae laborum dolores. Sed architecto consequatur ea non temporibus. Et libero consectetur sed est recusandae cumque.','2021-03-23 17:06:10','2021-03-23 17:06:10'),(399,19,414.83,7,1991,6,8,5,8215,5,4,5,3,'Et quis sapiente ullam nesciunt consequatur cum atque. Quidem explicabo ut necessitatibus molestias.','2021-03-23 17:06:10','2021-03-23 17:06:10'),(400,52,302.50,3,1986,10,4,4,8541,4,4,4,4,'Ab dolorem quaerat ut sunt corporis aspernatur. Perferendis minus sed sit quod recusandae.','2021-03-23 17:06:10','2021-03-23 17:06:10'),(401,53,741.52,2,2003,12,2,5,8381,2,5,5,3,'Rem illo recusandae deserunt aperiam nulla quidem. Amet incidunt dolor quia quia consequatur voluptates.','2021-03-23 17:06:10','2021-03-23 17:06:10'),(402,5,768.88,2,1990,14,5,4,3073,3,6,3,5,'Odio et dolore aliquid facere hic aut molestiae qui. Aperiam voluptate sit autem asperiores qui.','2021-03-23 17:06:10','2021-03-23 17:06:10'),(403,39,470.02,1,2005,8,1,1,1570,2,4,5,5,'Qui voluptate aut aut molestias mollitia ut voluptate. Nobis amet labore quia quo doloremque consequuntur molestias. Amet sed et numquam ratione.','2021-03-23 17:06:10','2021-03-23 17:06:10'),(404,10,-39.58,8,2003,2,6,1,7868,4,4,5,3,'Nulla sed omnis earum. Quam doloremque quia voluptatibus nobis. Excepturi saepe voluptas voluptas ab et nulla numquam hic.','2021-03-23 17:06:10','2021-03-23 17:06:10'),(405,58,828.27,5,2017,14,7,1,7410,2,6,3,3,'Saepe aut in omnis culpa voluptas omnis pariatur. Ad commodi velit ea similique.','2021-03-23 17:06:10','2021-03-23 17:06:10'),(406,17,86.26,7,1988,10,1,5,5275,4,2,2,5,'Doloribus voluptas et tenetur sit iusto a. Quia perferendis eaque quis maiores.','2021-03-23 17:06:10','2021-03-23 17:06:10'),(407,44,469.06,2,1998,5,6,3,4757,3,5,2,4,'Aliquid eius tempore totam veritatis placeat neque. Expedita omnis harum aut laborum accusantium.','2021-03-23 17:06:11','2021-03-23 17:06:11'),(408,30,250.08,10,2001,11,2,4,7303,1,3,2,5,'Aut at voluptates pariatur voluptatem pariatur. Maiores illum suscipit similique enim.','2021-03-23 17:06:11','2021-03-23 17:06:11'),(409,13,26.78,1,1970,2,6,4,4874,3,5,5,1,'Et nemo velit odio optio minima quis. Earum quam dolores mollitia et repellendus officia. Sequi quos iste nobis sapiente enim.','2021-03-23 17:06:11','2021-03-23 17:06:11'),(410,49,682.53,3,1985,13,8,2,1594,3,6,5,3,'Voluptatem sit perferendis et assumenda porro corporis. Nesciunt rem maxime modi eius. Veniam corrupti sed consequatur quas.','2021-03-23 17:06:11','2021-03-23 17:06:11'),(411,33,901.23,2,2018,13,9,2,7876,4,4,1,3,'Sit iste id assumenda laudantium cupiditate. Voluptatem voluptatem provident veritatis et dolor atque ut molestiae. Quam odio ut voluptatum.','2021-03-23 17:06:11','2021-03-23 17:06:11'),(412,20,455.94,2,1991,7,1,5,8510,5,4,3,2,'Qui velit necessitatibus veniam aut. Qui delectus magnam nisi maiores dolor sunt. Dolor perferendis quia magnam incidunt ratione quia voluptas est.','2021-03-23 17:06:11','2021-03-23 17:06:11'),(413,50,481.77,6,1990,3,6,5,2447,3,5,4,4,'Deserunt magni porro sequi ad ut. Laborum saepe et id inventore porro et eum sapiente.','2021-03-23 17:06:11','2021-03-23 17:06:11'),(414,42,618.31,1,2013,2,5,1,9873,1,2,4,3,'Quas cum tenetur sed cum porro totam est. Suscipit et ut aut quasi.','2021-03-23 17:06:11','2021-03-23 17:06:11'),(415,3,454.99,2,2016,3,8,5,2167,5,3,4,2,'Aut saepe provident at vitae non. Nisi dignissimos quibusdam et quibusdam hic.','2021-03-23 17:06:11','2021-03-23 17:06:11'),(416,33,836.94,4,1997,11,8,1,7580,4,3,1,2,'Repellat ut quod quo dicta. At dolor ut et aut ut.','2021-03-23 17:06:11','2021-03-23 17:06:11'),(417,20,104.87,7,1996,6,4,4,3115,2,5,3,1,'Error repellat est architecto omnis. Consequuntur quo minima est saepe qui vel non velit. Enim error sit sapiente et animi facilis tempore illum.','2021-03-23 17:06:11','2021-03-23 17:06:11'),(418,38,444.19,6,1995,3,4,5,7235,4,2,1,1,'Blanditiis sapiente quas quisquam sapiente facere aut. Praesentium non ipsam ducimus enim iure quas et.','2021-03-23 17:06:11','2021-03-23 17:06:11'),(419,26,512.71,6,2005,12,8,1,8010,5,3,3,2,'Ut quam aspernatur eos numquam molestiae nisi aliquam unde. Voluptas illo doloribus molestias qui. Consequatur ex sint modi deleniti eos dolorem ex.','2021-03-23 17:06:11','2021-03-23 17:06:11'),(420,31,-21.84,6,2015,11,7,4,9656,4,4,3,4,'In dolorum in sint. Doloremque nisi quia delectus consequatur est.','2021-03-23 17:06:11','2021-03-23 17:06:11'),(421,26,291.48,6,1988,9,3,3,1760,3,2,5,4,'Sunt sapiente vitae unde nihil molestias rerum. Animi soluta ea est consequatur saepe est quo quidem. Vero saepe voluptatem animi fugit distinctio sunt.','2021-03-23 17:06:11','2021-03-23 17:06:11'),(422,59,967.28,4,1995,6,6,5,4961,1,2,3,1,'Est perferendis hic temporibus ad nam. Deleniti qui ullam eaque unde doloribus maxime. Enim et nihil dicta natus et.','2021-03-23 17:06:11','2021-03-23 17:06:11'),(423,47,927.20,9,1996,9,4,1,5150,1,6,1,2,'Natus odio aperiam quia voluptas sit voluptas. Facere deleniti repellendus voluptatem est.','2021-03-23 17:06:11','2021-03-23 17:06:11'),(424,8,746.12,5,1982,6,6,4,1572,4,3,3,3,'Sint consequatur quia qui laborum harum explicabo repellendus. Repellat incidunt qui voluptatem necessitatibus. Ut sint sed sed a est libero aperiam aut.','2021-03-23 17:06:12','2021-03-23 17:06:12'),(425,25,440.61,10,2019,3,3,4,2962,5,5,4,2,'Ex aliquid dolore et tempora. Nostrum assumenda sapiente et vel praesentium in. Libero earum suscipit perspiciatis nemo aliquam laudantium necessitatibus ipsum.','2021-03-23 17:06:12','2021-03-23 17:06:12'),(426,23,229.62,5,2009,10,4,1,4248,5,3,3,3,'Praesentium sunt aut sunt repellendus amet maiores asperiores. Dolore optio molestiae recusandae nostrum.','2021-03-23 17:06:12','2021-03-23 17:06:12'),(427,47,921.55,2,2013,12,7,5,1970,2,2,5,1,'Error non laborum et maxime est optio. Sint veritatis in velit. Natus tenetur odit assumenda maxime corporis odit.','2021-03-23 17:06:12','2021-03-23 17:06:12'),(428,12,385.22,2,1973,14,2,3,801,4,5,1,4,'A libero dolore commodi labore labore. Labore eveniet et aut consectetur ab.','2021-03-23 17:06:12','2021-03-23 17:06:12'),(429,52,475.01,7,1975,14,3,5,8037,5,2,2,1,'Quaerat et explicabo doloremque et enim animi. Vitae iusto at similique laborum.','2021-03-23 17:06:12','2021-03-23 17:06:12'),(430,42,959.95,9,2003,4,4,2,3140,5,6,4,5,'Aut enim sed quia optio. Enim quis eum hic dolorum molestiae. Sequi et occaecati nostrum ex sit mollitia.','2021-03-23 17:06:12','2021-03-23 17:06:12'),(431,37,676.46,9,1984,10,3,5,2640,1,4,3,1,'Facilis eum voluptatem esse architecto aut corrupti est atque. Voluptatem perferendis et sit odit qui voluptates et.','2021-03-23 17:06:12','2021-03-23 17:06:12'),(432,32,423.23,2,2015,12,1,4,8995,3,6,5,3,'Quia eos dignissimos repellat nemo soluta velit quia. Laborum reiciendis tempora qui aut in repellat esse. Sed in laborum molestiae reprehenderit mollitia iusto quia.','2021-03-23 17:06:12','2021-03-23 17:06:12'),(433,29,265.12,3,1973,11,4,2,5035,1,2,5,2,'Quam similique atque sunt iusto cumque repellat harum ex. Nobis quas natus est qui voluptas sunt. Praesentium quia consequuntur porro.','2021-03-23 17:06:12','2021-03-23 17:06:12'),(434,9,454.18,5,1982,3,6,3,2801,2,3,5,3,'Sit quam illum consequatur id. Consectetur repudiandae commodi saepe quis in quia reiciendis accusantium. Blanditiis nobis assumenda nobis et.','2021-03-23 17:06:12','2021-03-23 17:06:12'),(435,28,562.29,5,1972,9,5,1,752,5,5,5,1,'Dolor odio ut dolores reiciendis. Nihil ut illo distinctio doloribus.','2021-03-23 17:06:12','2021-03-23 17:06:12'),(436,14,572.00,2,1993,2,5,2,5175,2,4,5,4,'Fugit maiores eius est harum beatae voluptatem et eum. Ut natus et nisi amet ab explicabo veritatis. Eligendi dolor et sequi eligendi blanditiis sint.','2021-03-23 17:06:12','2021-03-23 17:06:12'),(437,14,491.28,5,1983,12,7,3,4697,3,5,2,4,'Vel alias rerum temporibus modi dolorum distinctio quasi. Cum quia culpa eius quis. Non voluptatem aliquid a.','2021-03-23 17:06:13','2021-03-23 17:06:13'),(438,42,795.07,1,1999,10,6,1,7044,4,6,2,3,'Possimus et omnis cumque adipisci debitis temporibus cumque delectus. Autem quos aspernatur ut temporibus eveniet dicta mollitia. Harum illo eos illum maxime rerum est.','2021-03-23 17:06:13','2021-03-23 17:06:13'),(439,5,717.48,4,1970,2,7,3,8264,4,6,3,3,'Molestiae nihil ea voluptatem magnam quibusdam. Excepturi asperiores sed quisquam odio dolore. Quis est corporis consequatur perspiciatis.','2021-03-23 17:06:13','2021-03-23 17:06:13'),(440,24,-46.67,3,1973,4,6,2,5394,3,5,3,5,'Aspernatur optio tempora tenetur repudiandae architecto explicabo autem. Labore quidem molestias qui et.','2021-03-23 17:06:13','2021-03-23 17:06:13'),(441,60,21.92,2,1985,12,7,1,6252,2,2,4,5,'Dolorum alias quidem voluptatum aut rerum facere. Est dolor id velit. Temporibus illo optio dolores.','2021-03-23 17:06:13','2021-03-23 17:06:13'),(442,23,56.12,5,1975,15,6,3,5336,4,4,5,4,'Rem ipsum aliquam sunt esse est neque. Ut itaque hic dicta expedita aut delectus unde. Corporis quasi enim possimus consequatur sint ea.','2021-03-23 17:06:13','2021-03-23 17:06:13'),(443,29,-4.92,3,2010,12,3,3,8611,5,5,1,3,'Rerum officia voluptatem dignissimos ea quia voluptates nesciunt. Culpa natus cupiditate voluptatum eum qui quia.','2021-03-23 17:06:13','2021-03-23 17:06:13'),(444,51,335.14,2,1974,12,9,5,2075,5,2,3,3,'Laboriosam consequatur qui id sint. Sunt exercitationem ut expedita sed.','2021-03-23 17:06:13','2021-03-23 17:06:13'),(445,58,562.67,7,1999,10,8,1,4451,5,4,1,4,'Dolores vel impedit dolorem mollitia vero. Quae nobis molestiae sint beatae corrupti commodi minus. Excepturi perferendis autem debitis nulla ad voluptatibus dolore unde.','2021-03-23 17:06:13','2021-03-23 17:06:13'),(446,50,122.40,5,1997,1,1,2,6555,2,2,1,5,'Repellendus a saepe expedita ut. Illo iste minus quis et accusamus.','2021-03-23 17:06:13','2021-03-23 17:06:13'),(447,2,815.68,2,2020,15,9,1,4414,5,2,1,5,'Quibusdam inventore doloribus et magnam ex esse soluta. Similique et sit est voluptatum a quia officiis quia. Odio rerum praesentium dolores quos.','2021-03-23 17:06:13','2021-03-23 17:06:13'),(448,51,785.14,4,2012,14,8,4,3990,5,3,1,3,'Atque praesentium tempore quia quia. Consequatur illo ab magni est aut et velit. Voluptatem aperiam eum et.','2021-03-23 17:06:13','2021-03-23 17:06:13'),(449,46,882.38,6,1998,11,9,2,3955,5,5,2,3,'Quia in ut est soluta nobis aspernatur sint corporis. Omnis eius incidunt architecto.','2021-03-23 17:06:13','2021-03-23 17:06:13'),(450,17,824.60,9,1971,4,8,2,255,2,3,2,1,'Neque adipisci voluptas placeat reiciendis. Suscipit labore quo quam dicta.','2021-03-23 17:06:13','2021-03-23 17:06:13'),(451,12,-13.20,3,1982,12,3,5,803,4,5,1,4,'Eligendi voluptatum aspernatur animi recusandae enim recusandae. Provident excepturi tenetur laborum aspernatur. Fugiat molestiae exercitationem quam nam.','2021-03-23 17:06:13','2021-03-23 17:06:13'),(452,58,676.12,5,2004,4,5,4,6889,5,6,1,2,'Expedita autem et id beatae pariatur. Architecto quis harum praesentium voluptatem neque dolor. Nesciunt laborum eos rerum laboriosam odit rerum.','2021-03-23 17:06:13','2021-03-23 17:06:13'),(453,45,328.90,9,1995,4,3,3,2576,2,3,2,1,'Laborum est quis quo aut dolor. Totam perspiciatis facere reiciendis autem.','2021-03-23 17:06:13','2021-03-23 17:06:13'),(454,48,503.56,1,2016,9,6,2,3984,5,4,4,4,'Nihil quas aut dolore eos nisi. Omnis rerum dolorem magni in rerum.','2021-03-23 17:06:14','2021-03-23 17:06:14'),(455,43,379.84,5,2011,7,3,4,3337,5,2,4,4,'Deleniti aut et tempore ad qui eum reprehenderit. In et nam ea facere.','2021-03-23 17:06:14','2021-03-23 17:06:14'),(456,22,828.53,6,1997,9,2,3,5232,2,4,2,5,'Ab repellat eaque nobis nisi voluptas deleniti optio possimus. Possimus autem nihil ipsam numquam. Beatae vero sunt nihil repellendus ut quae accusamus placeat.','2021-03-23 17:06:14','2021-03-23 17:06:14'),(457,38,972.15,10,2011,13,6,5,2579,2,2,2,3,'Eligendi perspiciatis sequi non nulla eaque. Eos quas et sit maiores eligendi a eos.','2021-03-23 17:06:14','2021-03-23 17:06:14'),(458,37,443.93,1,2002,8,5,5,614,3,2,1,5,'Tempore accusamus ab vel aut sint. Sunt totam minus a magnam.','2021-03-23 17:06:14','2021-03-23 17:06:14'),(459,60,135.70,2,1983,15,8,3,4428,1,3,4,3,'Vitae perspiciatis ut quae quam dolores enim voluptatem. Consequuntur eum omnis alias corrupti rerum officia eos.','2021-03-23 17:06:14','2021-03-23 17:06:14'),(460,6,368.26,1,1985,2,6,1,1509,5,2,5,4,'Ea quasi perferendis unde esse pariatur reiciendis. Non atque dolores sit laborum nesciunt dignissimos. Debitis recusandae laborum libero ipsam et quia dolore.','2021-03-23 17:06:14','2021-03-23 17:06:14'),(461,10,262.20,4,1998,4,8,3,4514,3,3,4,5,'Nulla qui consequatur nesciunt beatae necessitatibus quo. Ut consequatur esse nisi quia.','2021-03-23 17:06:14','2021-03-23 17:06:14'),(462,48,23.12,2,1998,14,7,5,3342,2,6,3,5,'Libero voluptas deleniti quo id sit. Totam aut nam recusandae est aliquam laborum voluptatem.','2021-03-23 17:06:14','2021-03-23 17:06:14'),(463,44,164.62,10,2020,8,7,4,308,2,4,4,4,'Non exercitationem sit praesentium animi voluptas natus aperiam. Odit saepe odit esse voluptatem minima aut.','2021-03-23 17:06:14','2021-03-23 17:06:14'),(464,53,825.90,2,1987,14,8,1,8558,4,4,5,2,'Dolores facere id voluptatum natus veritatis quia debitis. Quibusdam repellendus non a et officia dolores excepturi. Soluta eveniet soluta quia sint fugit expedita ipsum quo.','2021-03-23 17:06:14','2021-03-23 17:06:14'),(465,20,-87.27,3,1988,1,4,3,7459,1,2,3,4,'Vero aut eos aut. Rem id voluptatem asperiores dolorem dignissimos et.','2021-03-23 17:06:14','2021-03-23 17:06:14'),(466,20,691.63,10,2017,11,5,4,243,2,6,2,1,'Illo sint ipsa illo quo sed delectus. Accusantium et eligendi rerum dignissimos est vero. Ut voluptas aut nemo ut dolor.','2021-03-23 17:06:14','2021-03-23 17:06:14'),(467,20,831.42,8,1983,5,1,5,3527,5,5,1,1,'Rem molestiae maiores quia in qui inventore nihil. Vitae fuga necessitatibus minus id exercitationem maiores.','2021-03-23 17:06:14','2021-03-23 17:06:14'),(468,32,-78.24,5,2009,9,4,5,536,3,6,4,5,'Iusto deserunt unde voluptatibus voluptas quia porro. Impedit quos sint officia est at exercitationem. Blanditiis rerum corporis ullam provident dolores et rerum.','2021-03-23 17:06:14','2021-03-23 17:06:14'),(469,54,74.58,4,2014,10,3,5,260,1,4,3,5,'Corporis sit omnis dolorem aut repudiandae impedit. Dolorem architecto consequuntur minima occaecati maxime fugit.','2021-03-23 17:06:14','2021-03-23 17:06:14'),(470,24,-59.99,8,2009,7,1,5,4679,5,2,2,5,'Nihil in necessitatibus ipsum in fugiat modi omnis. Aliquid eaque non cum veniam rerum reprehenderit soluta.','2021-03-23 17:06:14','2021-03-23 17:06:14'),(471,41,676.04,1,1984,13,5,1,7880,4,5,3,1,'Corporis minus et nihil cum quibusdam expedita odit eos. Quo omnis expedita nostrum laborum. Autem eaque aspernatur voluptatem dolorum.','2021-03-23 17:06:15','2021-03-23 17:06:15'),(472,5,150.43,6,1980,11,5,5,4089,4,5,1,3,'Ut tempore esse minima iusto nesciunt. Quia tempore et at.','2021-03-23 17:06:15','2021-03-23 17:06:15'),(473,42,892.79,3,2013,14,7,5,4492,2,2,5,2,'Suscipit sed quam qui tempora. Ad et magnam cupiditate unde voluptas tempore vero. Et sed et culpa sequi voluptas praesentium maiores totam.','2021-03-23 17:06:15','2021-03-23 17:06:15'),(474,1,35.05,8,2012,6,2,5,4291,5,4,3,4,'Qui praesentium consequatur neque quisquam perferendis voluptatem nihil. Assumenda voluptatem officia nesciunt autem qui commodi. Et magnam dolor quis asperiores.','2021-03-23 17:06:15','2021-03-23 17:06:15'),(475,47,215.50,10,1989,8,5,2,2686,5,4,4,2,'Non officiis est et iste delectus tempora vel eos. Repudiandae sunt reprehenderit deserunt repellat repudiandae ducimus.','2021-03-23 17:06:15','2021-03-23 17:06:15'),(476,31,876.94,6,1997,2,7,1,3335,5,6,1,5,'Praesentium delectus velit dolores laudantium aut placeat minima sit. Aut velit blanditiis quidem adipisci.','2021-03-23 17:06:15','2021-03-23 17:06:15'),(477,32,76.06,1,1980,13,5,1,7633,1,3,5,3,'Quia autem aut repellat eligendi quia provident reiciendis. Sed laudantium molestiae temporibus distinctio. Ut beatae temporibus libero qui veritatis ipsum optio.','2021-03-23 17:06:15','2021-03-23 17:06:15'),(478,12,815.26,9,2002,12,9,5,120,5,5,5,2,'Dicta minus consequatur doloremque harum. Aperiam modi illum quis.','2021-03-23 17:06:15','2021-03-23 17:06:15'),(479,52,605.58,2,2018,4,6,5,4529,5,4,5,3,'Aut id blanditiis laborum. Et aperiam dolorum occaecati.','2021-03-23 17:06:15','2021-03-23 17:06:15'),(480,18,586.82,9,1987,7,5,3,9305,1,6,1,2,'Culpa qui quis molestiae ut veniam provident. Amet necessitatibus possimus adipisci quos.','2021-03-23 17:06:15','2021-03-23 17:06:15'),(481,12,892.12,6,1989,7,8,3,8267,1,3,5,2,'Dolore corporis quae ipsam recusandae sed ab hic. Ad soluta et repudiandae doloribus et. Culpa harum ut quas aut.','2021-03-23 17:06:15','2021-03-23 17:06:15'),(482,32,23.19,8,1990,15,9,4,3411,1,4,5,3,'Quasi ex repellat quas quo. Dolores sit hic ab debitis excepturi.','2021-03-23 17:06:15','2021-03-23 17:06:15'),(483,17,805.06,9,2014,2,4,3,5044,5,4,1,3,'Debitis error eveniet qui totam et quos id. Suscipit voluptatibus earum dolore et. Consequatur ut nemo consectetur molestiae explicabo.','2021-03-23 17:06:15','2021-03-23 17:06:15'),(484,41,414.29,4,1973,14,1,3,3827,5,4,4,3,'At error quas sint. Et consequatur quaerat nobis.','2021-03-23 17:06:15','2021-03-23 17:06:15'),(485,41,859.50,7,2020,11,1,5,5948,5,5,1,3,'Sequi perspiciatis laudantium laborum dolore laudantium. Temporibus laudantium minus enim tempora consequatur. Et alias iste corporis.','2021-03-23 17:06:15','2021-03-23 17:06:15'),(486,43,557.29,5,2018,6,8,2,4163,4,5,5,3,'Quo veniam in voluptas est in assumenda explicabo. Dignissimos quis omnis illum quos dignissimos consequatur explicabo.','2021-03-23 17:06:15','2021-03-23 17:06:15'),(487,51,633.86,1,2015,3,1,4,3400,4,2,5,2,'Rerum quia velit temporibus unde earum voluptatum quam. Corporis aut ab odit nihil rerum voluptates.','2021-03-23 17:06:16','2021-03-23 17:06:16'),(488,9,202.16,3,2016,13,8,1,5876,4,2,5,2,'Accusantium quo corporis odit sequi. Est vitae soluta repellendus dolor libero inventore porro quo.','2021-03-23 17:06:16','2021-03-23 17:06:16'),(489,53,538.49,10,2001,4,6,5,3590,1,6,5,2,'Qui voluptas est dolorem beatae. Voluptas et omnis harum quisquam rerum.','2021-03-23 17:06:16','2021-03-23 17:06:16'),(490,22,457.22,8,1981,3,4,1,2230,1,6,3,4,'Provident molestiae accusantium soluta et dolorem. Et repellat voluptas fugit rerum beatae reprehenderit.','2021-03-23 17:06:16','2021-03-23 17:06:16'),(491,28,262.40,6,1982,10,7,4,9248,2,2,1,1,'Maxime illum tempora quae maiores. Necessitatibus voluptas nisi ut consequuntur doloribus nihil non.','2021-03-23 17:06:16','2021-03-23 17:06:16'),(492,6,-70.11,7,1994,3,5,1,7269,2,3,1,3,'Non libero similique et accusantium quibusdam sed consequatur. Sapiente vel ipsam blanditiis numquam. Rem est dolores maiores voluptatibus.','2021-03-23 17:06:16','2021-03-23 17:06:16'),(493,26,801.86,8,2013,15,4,3,7479,2,3,1,5,'Sapiente animi molestiae omnis molestiae vel iusto. Vel quo eum et esse veritatis voluptas blanditiis enim.','2021-03-23 17:06:16','2021-03-23 17:06:16'),(494,13,-72.59,4,1992,7,8,5,4708,2,2,1,5,'Non fugit nisi nam sed eum voluptatem. Libero excepturi omnis qui repellat consequatur. Aut alias non fuga aut commodi sunt.','2021-03-23 17:06:16','2021-03-23 17:06:16'),(495,54,309.96,9,1980,6,4,5,1699,5,2,5,4,'Est quae quis aut et distinctio. Aut ut temporibus sit consequatur itaque et.','2021-03-23 17:06:16','2021-03-23 17:06:16'),(496,13,495.36,7,1982,7,9,2,1444,5,3,5,4,'Qui vel officiis eos voluptatem numquam. Cumque suscipit quas rerum illo asperiores earum.','2021-03-23 17:06:16','2021-03-23 17:06:16'),(497,59,87.20,4,1998,7,8,5,6369,4,2,4,1,'Quam pariatur voluptatum omnis eos. Placeat autem dolorum magnam molestias dolor incidunt est.','2021-03-23 17:06:16','2021-03-23 17:06:16'),(498,36,609.25,4,2012,15,2,1,6591,1,2,2,4,'Facere asperiores nemo voluptatem reiciendis magnam blanditiis ad. Voluptates sit odit eos esse expedita sapiente tempora expedita. Quibusdam facilis et magni dolor repudiandae voluptatem.','2021-03-23 17:06:16','2021-03-23 17:06:16'),(499,25,702.78,3,1979,12,9,4,8987,1,5,1,5,'Ea et eos voluptates mollitia sit iste. Ipsa molestiae quae libero voluptatem et est corrupti.','2021-03-23 17:06:16','2021-03-23 17:06:16'),(500,51,872.72,7,2006,9,6,3,9117,1,3,4,5,'Est repudiandae architecto totam ea id. Sapiente aut molestiae sapiente officiis dolorem omnis. Molestiae adipisci qui aspernatur iusto atque adipisci.','2021-03-23 17:06:16','2021-03-23 17:06:16');
/*!40000 ALTER TABLE `indicator_values` ENABLE KEYS */;
UNLOCK TABLES;

--
-- Table structure for table `indicators`
--

DROP TABLE IF EXISTS `indicators`;
/*!40101 SET @saved_cs_client     = @@character_set_client */;
/*!50503 SET character_set_client = utf8mb4 */;
CREATE TABLE `indicators` (
  `id` bigint unsigned NOT NULL AUTO_INCREMENT,
  `sub_characteristic_id` bigint unsigned NOT NULL,
  `code` varchar(255) CHARACTER SET utf8mb4 COLLATE utf8mb4_unicode_ci NOT NULL,
  `definition` text CHARACTER SET utf8mb4 COLLATE utf8mb4_unicode_ci NOT NULL,
  `created_at` timestamp NULL DEFAULT NULL,
  `updated_at` timestamp NULL DEFAULT NULL,
  PRIMARY KEY (`id`),
  UNIQUE KEY `indicators_code_unique` (`code`),
  KEY `indicators_sub_characteristic_id_foreign` (`sub_characteristic_id`),
  CONSTRAINT `indicators_sub_characteristic_id_foreign` FOREIGN KEY (`sub_characteristic_id`) REFERENCES `sub_characteristics` (`id`) ON DELETE CASCADE
) ENGINE=InnoDB AUTO_INCREMENT=61 DEFAULT CHARSET=utf8mb4 COLLATE=utf8mb4_unicode_ci;
/*!40101 SET character_set_client = @saved_cs_client */;

--
-- Dumping data for table `indicators`
--

LOCK TABLES `indicators` WRITE;
/*!40000 ALTER TABLE `indicators` DISABLE KEYS */;
INSERT INTO `indicators` VALUES (1,1,'a4225','Molestiae qui dolor placeat.','2021-03-23 17:05:48','2021-03-23 17:05:48'),(2,1,'l795','Numquam eligendi maiores eos excepturi nisi magni.','2021-03-23 17:05:48','2021-03-23 17:05:48'),(3,1,'r6574','Omnis autem ut omnis enim voluptate eius. Alias et aperiam deserunt.','2021-03-23 17:05:48','2021-03-23 17:05:48'),(4,1,'h2238','Nemo voluptatem molestias minima ea ut et. Et dicta quam eligendi.','2021-03-23 17:05:48','2021-03-23 17:05:48'),(5,2,'u779','Alias quos et dolorum numquam. Eaque asperiores dolorum dolor ut labore eum est.','2021-03-23 17:05:48','2021-03-23 17:05:48'),(6,2,'c8368','Ipsum sunt non fugit accusantium qui corrupti ratione. Quibusdam voluptas voluptatem consequatur laudantium.','2021-03-23 17:05:48','2021-03-23 17:05:48'),(7,2,'j6080','Vel ex necessitatibus similique ab in beatae consequatur. Ratione voluptas temporibus nam qui ullam recusandae.','2021-03-23 17:05:48','2021-03-23 17:05:48'),(8,2,'m1394','Tenetur illum veniam dolor commodi nam quia modi.','2021-03-23 17:05:48','2021-03-23 17:05:48'),(9,3,'i9118','Qui autem cum est optio impedit laboriosam asperiores. Iusto possimus qui itaque molestiae.','2021-03-23 17:05:48','2021-03-23 17:05:48'),(10,3,'t8013','Dolores est quos deleniti.','2021-03-23 17:05:48','2021-03-23 17:05:48'),(11,3,'s6675','Amet eos ipsam velit odit aliquam autem et. Quia repudiandae illum dolorem dicta numquam eum.','2021-03-23 17:05:48','2021-03-23 17:05:48'),(12,3,'w333','Quo dolor quia minus nemo asperiores.','2021-03-23 17:05:48','2021-03-23 17:05:48'),(13,4,'e5777','Veniam nam maxime laudantium laudantium quo voluptatem. Voluptatem voluptas et quos non incidunt.','2021-03-23 17:05:48','2021-03-23 17:05:48'),(14,4,'o4078','Maxime odit odio qui aspernatur. Consectetur ullam voluptatibus sit tempora accusantium nesciunt mollitia.','2021-03-23 17:05:48','2021-03-23 17:05:48'),(15,4,'e9819','Nam sit dignissimos distinctio voluptatem est nesciunt. Laborum magni ipsum architecto at.','2021-03-23 17:05:48','2021-03-23 17:05:48'),(16,4,'f3657','Similique non facere qui dolores a similique. Ut expedita cum vitae consequatur voluptatem consequatur.','2021-03-23 17:05:48','2021-03-23 17:05:48'),(17,5,'p1612','Ipsam et laborum hic officia consectetur. Quibusdam natus debitis ipsum.','2021-03-23 17:05:48','2021-03-23 17:05:48'),(18,5,'w5634','Qui unde adipisci et eaque. Voluptas sed praesentium iusto corrupti enim.','2021-03-23 17:05:48','2021-03-23 17:05:48'),(19,5,'n8028','Sapiente doloribus quia voluptas. Consequatur expedita praesentium aut distinctio vero.','2021-03-23 17:05:48','2021-03-23 17:05:48'),(20,5,'m7081','Et nisi eaque ipsum odit sit. Soluta qui pariatur nobis itaque dignissimos distinctio facere assumenda.','2021-03-23 17:05:48','2021-03-23 17:05:48'),(21,6,'t2745','Nihil ut debitis officiis. Tenetur et beatae laborum nihil optio est.','2021-03-23 17:05:48','2021-03-23 17:05:48'),(22,6,'v4585','Dicta saepe expedita deleniti nobis iusto facilis voluptas.','2021-03-23 17:05:48','2021-03-23 17:05:48'),(23,6,'n352','Aspernatur quo ad laudantium accusamus aspernatur sunt quia. Rerum non explicabo et quo perferendis.','2021-03-23 17:05:48','2021-03-23 17:05:48'),(24,6,'n7921','Iure deserunt fuga ut ducimus provident. Labore inventore quisquam nihil beatae voluptate atque omnis fugiat.','2021-03-23 17:05:48','2021-03-23 17:05:48'),(25,7,'n7585','Nostrum enim nemo laudantium sed molestiae. Reiciendis et dolores molestiae eligendi molestias.','2021-03-23 17:05:48','2021-03-23 17:05:48'),(26,7,'t6162','Laudantium facilis maxime occaecati.','2021-03-23 17:05:48','2021-03-23 17:05:48'),(27,7,'c2888','Voluptate placeat placeat aliquam. Explicabo consequuntur sunt aliquid tenetur quis.','2021-03-23 17:05:48','2021-03-23 17:05:48'),(28,7,'x486','Et iste non eaque.','2021-03-23 17:05:48','2021-03-23 17:05:48'),(29,8,'c6698','Itaque reprehenderit incidunt tempora tempora provident.','2021-03-23 17:05:48','2021-03-23 17:05:48'),(30,8,'c6959','Ut possimus et assumenda maxime dolores distinctio.','2021-03-23 17:05:48','2021-03-23 17:05:48'),(31,8,'i7','Iste consequuntur alias maiores ad.','2021-03-23 17:05:48','2021-03-23 17:05:48'),(32,8,'m2328','Necessitatibus nisi qui dolorum error. Totam enim et exercitationem et aut.','2021-03-23 17:05:48','2021-03-23 17:05:48'),(33,9,'q995','Aut nihil alias nisi et. Molestiae et eius beatae voluptatum nobis aut adipisci officiis.','2021-03-23 17:05:48','2021-03-23 17:05:48'),(34,9,'z5063','Quam odit voluptas quidem tempora facilis dolorem. Debitis exercitationem doloribus aperiam et aut esse magni sint.','2021-03-23 17:05:48','2021-03-23 17:05:48'),(35,9,'a7902','Fuga voluptatum reiciendis animi architecto distinctio et quis ea. Velit error tempore ut.','2021-03-23 17:05:48','2021-03-23 17:05:48'),(36,9,'t6772','Recusandae laudantium quisquam atque quo. Ducimus et sapiente quos voluptatem.','2021-03-23 17:05:48','2021-03-23 17:05:48'),(37,10,'m9569','Hic velit quia suscipit a quo. Modi dolorum tempore non laboriosam.','2021-03-23 17:05:48','2021-03-23 17:05:48'),(38,10,'l9763','Iusto quod quia in deleniti sed. Enim earum odit voluptatem vel.','2021-03-23 17:05:48','2021-03-23 17:05:48'),(39,10,'r8575','Ea perspiciatis sequi illum quisquam eos. Praesentium et debitis perferendis harum voluptatem velit sit.','2021-03-23 17:05:48','2021-03-23 17:05:48'),(40,10,'p3562','Aut facere est quas magnam est ad maxime voluptatem. Iure facere ea dicta ad.','2021-03-23 17:05:48','2021-03-23 17:05:48'),(41,11,'n2142','Et pariatur pariatur mollitia nobis. Illo dolor hic et corrupti voluptas nostrum.','2021-03-23 17:05:48','2021-03-23 17:05:48'),(42,11,'s2174','Consequatur minus ut dicta et et sunt omnis magnam.','2021-03-23 17:05:48','2021-03-23 17:05:48'),(43,11,'b6640','Culpa officiis porro voluptatum harum tempore.','2021-03-23 17:05:48','2021-03-23 17:05:48'),(44,11,'e8754','Est in quidem quam.','2021-03-23 17:05:48','2021-03-23 17:05:48'),(45,12,'j1542','Eos incidunt aliquam quia facilis incidunt quia ipsa.','2021-03-23 17:05:48','2021-03-23 17:05:48'),(46,12,'h651','Aut possimus nisi eos labore quibusdam omnis perspiciatis non.','2021-03-23 17:05:48','2021-03-23 17:05:48'),(47,12,'d3333','Excepturi voluptatibus quae consequatur.','2021-03-23 17:05:48','2021-03-23 17:05:48'),(48,12,'h4968','Et quia dolor commodi minima enim. Qui incidunt est doloribus sunt est rerum.','2021-03-23 17:05:48','2021-03-23 17:05:48'),(49,13,'g3171','Ad qui id eaque debitis in. At voluptatem magni voluptas quia numquam quia quaerat neque.','2021-03-23 17:05:48','2021-03-23 17:05:48'),(50,13,'x3394','Et unde illo numquam.','2021-03-23 17:05:48','2021-03-23 17:05:48'),(51,13,'r3999','Totam et commodi minima rem sit repudiandae autem. Aperiam enim quaerat ex ipsa iure explicabo.','2021-03-23 17:05:48','2021-03-23 17:05:48'),(52,13,'o6231','Totam voluptatem excepturi quod dolor perferendis aut. Quos voluptas iste nisi esse ullam ut.','2021-03-23 17:05:48','2021-03-23 17:05:48'),(53,14,'u2172','Omnis est dolores ab maxime. Nam ratione accusamus sed quia aliquid.','2021-03-23 17:05:48','2021-03-23 17:05:48'),(54,14,'o371','Quia dolor doloremque et nesciunt exercitationem. Reprehenderit ad quo rerum est quo odit.','2021-03-23 17:05:48','2021-03-23 17:05:48'),(55,14,'x8537','Quia aliquam dolores vitae. Voluptatem est voluptas reprehenderit voluptatem occaecati et voluptates qui.','2021-03-23 17:05:48','2021-03-23 17:05:48'),(56,14,'m205','Et autem ut fugit qui ut et vel. Et fuga provident labore molestiae.','2021-03-23 17:05:48','2021-03-23 17:05:48'),(57,15,'b7484','Illum provident magni qui et soluta repellat. Voluptas et veritatis qui animi eos.','2021-03-23 17:05:48','2021-03-23 17:05:48'),(58,15,'g2204','Quisquam optio qui perspiciatis fuga eveniet.','2021-03-23 17:05:48','2021-03-23 17:05:48'),(59,15,'v2274','Autem nisi quia nulla.','2021-03-23 17:05:48','2021-03-23 17:05:48'),(60,15,'p2659','Beatae nihil molestiae ut voluptatem minus.','2021-03-23 17:05:48','2021-03-23 17:05:48');
/*!40000 ALTER TABLE `indicators` ENABLE KEYS */;
UNLOCK TABLES;

--
-- Table structure for table `migrations`
--

DROP TABLE IF EXISTS `migrations`;
/*!40101 SET @saved_cs_client     = @@character_set_client */;
/*!50503 SET character_set_client = utf8mb4 */;
CREATE TABLE `migrations` (
  `id` int unsigned NOT NULL AUTO_INCREMENT,
  `migration` varchar(255) CHARACTER SET utf8mb4 COLLATE utf8mb4_unicode_ci NOT NULL,
  `batch` int NOT NULL,
  PRIMARY KEY (`id`)
) ENGINE=InnoDB AUTO_INCREMENT=22 DEFAULT CHARSET=utf8mb4 COLLATE=utf8mb4_unicode_ci;
/*!40101 SET character_set_client = @saved_cs_client */;

--
-- Dumping data for table `migrations`
--

LOCK TABLES `migrations` WRITE;
/*!40000 ALTER TABLE `migrations` DISABLE KEYS */;
INSERT INTO `migrations` VALUES (1,'2014_10_12_000000_create_users_table',1),(2,'2014_10_12_100000_create_password_resets_table',1),(3,'2019_08_19_000000_create_failed_jobs_table',1),(4,'2021_02_17_105835_create_characteristics_table',1),(5,'2021_02_17_110001_create_sub_characteristics_table',1),(6,'2021_02_17_110312_create_indicators_table',1),(7,'2021_02_17_110711_create_units_table',1),(8,'2021_02_17_111014_create_genders_table',1),(9,'2021_02_17_111045_create_smallholder_definitions_table',1),(10,'2021_02_17_111259_create_purpose_of_collections_table',1),(11,'2021_02_17_111346_create_approach_collections_table',1),(12,'2021_02_17_111418_create_countries_table',1),(13,'2021_02_17_111449_create_geo_boundaries_table',1),(14,'2021_02_17_111533_create_partners_table',1),(15,'2021_02_17_111608_create_types_table',1),(16,'2021_02_17_111625_create_sources_table',1),(17,'2021_02_17_111903_create_indicator_values_table',1),(18,'2018_08_08_100000_create_telescope_entries_table',2),(19,'2021_03_10_160737_add_image_to_characteristics_table',3),(20,'2021_03_18_135033_add_type_and_conversion_to_units_table',3),(21,'2021_03_18_135312_create_unit_types_table',3);
/*!40000 ALTER TABLE `migrations` ENABLE KEYS */;
UNLOCK TABLES;

--
-- Table structure for table `partners`
--

DROP TABLE IF EXISTS `partners`;
/*!40101 SET @saved_cs_client     = @@character_set_client */;
/*!50503 SET character_set_client = utf8mb4 */;
CREATE TABLE `partners` (
  `id` bigint unsigned NOT NULL AUTO_INCREMENT,
  `name` varchar(255) CHARACTER SET utf8mb4 COLLATE utf8mb4_unicode_ci NOT NULL,
  `created_at` timestamp NULL DEFAULT NULL,
  `updated_at` timestamp NULL DEFAULT NULL,
  PRIMARY KEY (`id`),
  UNIQUE KEY `partners_name_unique` (`name`)
) ENGINE=InnoDB AUTO_INCREMENT=4 DEFAULT CHARSET=utf8mb4 COLLATE=utf8mb4_unicode_ci;
/*!40101 SET character_set_client = @saved_cs_client */;

--
-- Dumping data for table `partners`
--

LOCK TABLES `partners` WRITE;
/*!40000 ALTER TABLE `partners` DISABLE KEYS */;
INSERT INTO `partners` VALUES (1,'beatae','2021-03-23 17:05:48','2021-03-23 17:05:48'),(2,'porro','2021-03-23 17:05:48','2021-03-23 17:05:48'),(3,'quidem','2021-03-23 17:05:48','2021-03-23 17:05:48');
/*!40000 ALTER TABLE `partners` ENABLE KEYS */;
UNLOCK TABLES;

--
-- Table structure for table `password_resets`
--

DROP TABLE IF EXISTS `password_resets`;
/*!40101 SET @saved_cs_client     = @@character_set_client */;
/*!50503 SET character_set_client = utf8mb4 */;
CREATE TABLE `password_resets` (
  `email` varchar(255) CHARACTER SET utf8mb4 COLLATE utf8mb4_unicode_ci NOT NULL,
  `token` varchar(255) CHARACTER SET utf8mb4 COLLATE utf8mb4_unicode_ci NOT NULL,
  `created_at` timestamp NULL DEFAULT NULL,
  KEY `password_resets_email_index` (`email`)
) ENGINE=InnoDB DEFAULT CHARSET=utf8mb4 COLLATE=utf8mb4_unicode_ci;
/*!40101 SET character_set_client = @saved_cs_client */;

--
-- Dumping data for table `password_resets`
--

LOCK TABLES `password_resets` WRITE;
/*!40000 ALTER TABLE `password_resets` DISABLE KEYS */;
/*!40000 ALTER TABLE `password_resets` ENABLE KEYS */;
UNLOCK TABLES;

--
-- Table structure for table `purpose_of_collections`
--

DROP TABLE IF EXISTS `purpose_of_collections`;
/*!40101 SET @saved_cs_client     = @@character_set_client */;
/*!50503 SET character_set_client = utf8mb4 */;
CREATE TABLE `purpose_of_collections` (
  `id` bigint unsigned NOT NULL AUTO_INCREMENT,
  `name` varchar(255) CHARACTER SET utf8mb4 COLLATE utf8mb4_unicode_ci NOT NULL,
  `created_at` timestamp NULL DEFAULT NULL,
  `updated_at` timestamp NULL DEFAULT NULL,
  PRIMARY KEY (`id`),
  UNIQUE KEY `purpose_of_collections_name_unique` (`name`)
) ENGINE=InnoDB AUTO_INCREMENT=6 DEFAULT CHARSET=utf8mb4 COLLATE=utf8mb4_unicode_ci;
/*!40101 SET character_set_client = @saved_cs_client */;

--
-- Dumping data for table `purpose_of_collections`
--

LOCK TABLES `purpose_of_collections` WRITE;
/*!40000 ALTER TABLE `purpose_of_collections` DISABLE KEYS */;
INSERT INTO `purpose_of_collections` VALUES (1,'consequatur','2021-03-23 17:05:48','2021-03-23 17:05:48'),(2,'excepturi','2021-03-23 17:05:48','2021-03-23 17:05:48'),(3,'voluptate','2021-03-23 17:05:48','2021-03-23 17:05:48'),(4,'alias','2021-03-23 17:05:48','2021-03-23 17:05:48'),(5,'accusamus','2021-03-23 17:05:48','2021-03-23 17:05:48');
/*!40000 ALTER TABLE `purpose_of_collections` ENABLE KEYS */;
UNLOCK TABLES;

--
-- Table structure for table `smallholder_definitions`
--

DROP TABLE IF EXISTS `smallholder_definitions`;
/*!40101 SET @saved_cs_client     = @@character_set_client */;
/*!50503 SET character_set_client = utf8mb4 */;
CREATE TABLE `smallholder_definitions` (
  `id` bigint unsigned NOT NULL AUTO_INCREMENT,
  `definition` text CHARACTER SET utf8mb4 COLLATE utf8mb4_unicode_ci NOT NULL,
  `created_at` timestamp NULL DEFAULT NULL,
  `updated_at` timestamp NULL DEFAULT NULL,
  PRIMARY KEY (`id`)
) ENGINE=InnoDB AUTO_INCREMENT=6 DEFAULT CHARSET=utf8mb4 COLLATE=utf8mb4_unicode_ci;
/*!40101 SET character_set_client = @saved_cs_client */;

--
-- Dumping data for table `smallholder_definitions`
--

LOCK TABLES `smallholder_definitions` WRITE;
/*!40000 ALTER TABLE `smallholder_definitions` DISABLE KEYS */;
INSERT INTO `smallholder_definitions` VALUES (1,'Dolores distinctio minus non incidunt aliquam error. Eum fugiat eum quibusdam quis pariatur quas enim aut. Rem blanditiis qui consectetur sequi velit dicta maxime. Eos voluptatum ratione itaque mollitia aut quia aut. Architecto rerum vitae quo animi. Provident illum numquam accusantium libero. Nemo veniam eveniet magni cupiditate molestiae.','2021-03-23 17:05:48','2021-03-23 17:05:48'),(2,'Adipisci tempora vel rem aspernatur sed totam similique. Dolor eveniet consequuntur adipisci reprehenderit. Itaque velit id qui mollitia et ad aut. Hic quia odit ut doloribus qui fuga debitis. Quia fugit nobis est voluptatem magni. Magni dolorem tempore officiis reprehenderit adipisci.','2021-03-23 17:05:48','2021-03-23 17:05:48'),(3,'Iste et voluptates dolores officia earum non. Recusandae soluta omnis molestias possimus temporibus vel necessitatibus. Sed eius eum eius et in enim similique. Autem esse ut molestiae laudantium qui. Culpa esse voluptatum quis eius quis.','2021-03-23 17:05:48','2021-03-23 17:05:48'),(4,'Earum consequatur autem et vitae velit ipsam temporibus repellat. Ipsum voluptas minus ad ipsam. Quo assumenda architecto excepturi dolores illum temporibus ut. Quam fuga quo sit mollitia a. Ipsam enim consectetur molestiae quibusdam voluptas.','2021-03-23 17:05:48','2021-03-23 17:05:48'),(5,'Rerum veniam aut consequatur tenetur at laborum. Est dolore exercitationem est quasi quidem quisquam. Est repudiandae ad nostrum eius qui. Consequatur culpa aut ipsum quia. Voluptates nemo et nihil reiciendis sed. Accusamus ab expedita omnis. Est atque quia doloremque in eaque nostrum.','2021-03-23 17:05:48','2021-03-23 17:05:48');
/*!40000 ALTER TABLE `smallholder_definitions` ENABLE KEYS */;
UNLOCK TABLES;

--
-- Table structure for table `sources`
--

DROP TABLE IF EXISTS `sources`;
/*!40101 SET @saved_cs_client     = @@character_set_client */;
/*!50503 SET character_set_client = utf8mb4 */;
CREATE TABLE `sources` (
  `id` bigint unsigned NOT NULL AUTO_INCREMENT,
  `name` varchar(255) CHARACTER SET utf8mb4 COLLATE utf8mb4_unicode_ci NOT NULL,
  `reference` varchar(255) CHARACTER SET utf8mb4 COLLATE utf8mb4_unicode_ci DEFAULT NULL,
  `type_id` bigint unsigned NOT NULL,
  `partner_id` bigint unsigned NOT NULL,
  `description` text CHARACTER SET utf8mb4 COLLATE utf8mb4_unicode_ci NOT NULL,
  `file` text CHARACTER SET utf8mb4 COLLATE utf8mb4_unicode_ci,
  `created_at` timestamp NULL DEFAULT NULL,
  `updated_at` timestamp NULL DEFAULT NULL,
  PRIMARY KEY (`id`),
  UNIQUE KEY `sources_name_unique` (`name`),
  KEY `sources_type_id_foreign` (`type_id`),
  KEY `sources_partner_id_foreign` (`partner_id`),
  CONSTRAINT `sources_partner_id_foreign` FOREIGN KEY (`partner_id`) REFERENCES `partners` (`id`) ON DELETE CASCADE,
  CONSTRAINT `sources_type_id_foreign` FOREIGN KEY (`type_id`) REFERENCES `types` (`id`) ON DELETE CASCADE
) ENGINE=InnoDB AUTO_INCREMENT=11 DEFAULT CHARSET=utf8mb4 COLLATE=utf8mb4_unicode_ci;
/*!40101 SET character_set_client = @saved_cs_client */;

--
-- Dumping data for table `sources`
--

LOCK TABLES `sources` WRITE;
/*!40000 ALTER TABLE `sources` DISABLE KEYS */;
INSERT INTO `sources` VALUES (1,'dignissimos','Porro natus.',1,1,'Est facilis libero ullam saepe quidem eum. Fugiat occaecati pariatur distinctio molestiae minus magnam. Et voluptate porro voluptatem aut. Neque eveniet ipsum nihil atque quia maxime. Ipsa sunt eum dolorem aut numquam. Molestias eum est pariatur ad iste voluptate voluptatem.',NULL,'2021-03-23 17:05:48','2021-03-23 17:05:48'),(2,'quod','Omnis voluptatem.',1,1,'Illum quis aut dicta voluptatibus. Perferendis eaque veritatis vel et ab rerum fuga vitae. Maiores tempora dolorem ex eos molestiae libero. Labore debitis vitae quo corporis ipsam temporibus id. Natus nobis quia cum voluptatibus. Id consequatur ad nihil dolor amet soluta reprehenderit.',NULL,'2021-03-23 17:05:48','2021-03-23 17:05:48'),(3,'commodi','Ex magni.',1,1,'Ipsam consequatur autem rerum et. Error excepturi fuga officia explicabo consequatur autem. Vel velit beatae minus sed minus explicabo voluptatum. Asperiores est error unde. Libero aliquam est qui error soluta.',NULL,'2021-03-23 17:05:48','2021-03-23 17:05:48'),(4,'incidunt','Harum et ut.',1,1,'Et est ipsum eos voluptas. Totam ut occaecati est quia. Vero aut provident suscipit delectus aperiam ut. Voluptatem aut nesciunt excepturi fugit delectus officia numquam. Quo amet ut corporis aut velit dolorum. Temporibus harum officia officia dolorum quo. Quaerat ut ad reprehenderit error eum harum natus.',NULL,'2021-03-23 17:05:48','2021-03-23 17:05:48'),(5,'ea','Nesciunt voluptas odit.',1,1,'Nisi voluptatem omnis vero recusandae eum inventore rem. Sit et distinctio occaecati est odio occaecati dolores. Et distinctio voluptatum aut sit explicabo dolorem at explicabo. Ea veritatis ex id facere quasi voluptatum ut.',NULL,'2021-03-23 17:05:48','2021-03-23 17:05:48'),(6,'dolorum','Iure voluptatem.',1,1,'Et rerum voluptatum nihil ut nam explicabo voluptatem voluptatum. Ut sint id quibusdam tempore ipsum et recusandae. Porro sed est in officia magni. Rerum porro consequatur molestiae quia cupiditate nisi blanditiis. Qui officiis est molestiae quia odit veritatis. Magni quidem ut eos voluptas alias animi ratione. Architecto debitis facere neque porro aut blanditiis doloribus.',NULL,'2021-03-23 17:05:48','2021-03-23 17:05:48'),(7,'tenetur','Ex voluptatibus.',1,1,'Minima rerum magnam labore ipsum. Eaque dolores quaerat unde labore mollitia et et ut. Eaque quo accusamus reprehenderit facere architecto. Velit error provident commodi eum similique.',NULL,'2021-03-23 17:05:48','2021-03-23 17:05:48'),(8,'vel','Fuga ut.',1,1,'Nemo dolore sit sequi. Ut provident eum aliquid porro mollitia natus aut voluptate. Veritatis minus consequatur blanditiis qui odio et voluptas. Ut quis sint cupiditate qui assumenda quod. Dolores minus autem animi omnis porro a.',NULL,'2021-03-23 17:05:48','2021-03-23 17:05:48'),(9,'quisquam','Itaque dignissimos et.',1,1,'Molestiae rerum velit aut quasi facilis laudantium. Voluptatibus tempore culpa aliquid et odio. Aut officiis sequi facilis. Voluptas velit consequatur ut aliquam iure incidunt omnis et.',NULL,'2021-03-23 17:05:48','2021-03-23 17:05:48'),(10,'blanditiis','Recusandae repudiandae.',1,1,'Et quam ipsam in blanditiis pariatur. Quos et tempore necessitatibus tempora eaque. Odit autem dolorem esse est exercitationem incidunt corporis soluta. Sed dicta culpa autem vero. Excepturi temporibus voluptatem molestiae quos sit sint.',NULL,'2021-03-23 17:05:48','2021-03-23 17:05:48');
/*!40000 ALTER TABLE `sources` ENABLE KEYS */;
UNLOCK TABLES;

--
-- Table structure for table `sub_characteristics`
--

DROP TABLE IF EXISTS `sub_characteristics`;
/*!40101 SET @saved_cs_client     = @@character_set_client */;
/*!50503 SET character_set_client = utf8mb4 */;
CREATE TABLE `sub_characteristics` (
  `id` bigint unsigned NOT NULL AUTO_INCREMENT,
  `characteristic_id` bigint unsigned NOT NULL,
  `name` varchar(255) CHARACTER SET utf8mb4 COLLATE utf8mb4_unicode_ci NOT NULL,
  `created_at` timestamp NULL DEFAULT NULL,
  `updated_at` timestamp NULL DEFAULT NULL,
  PRIMARY KEY (`id`),
  UNIQUE KEY `sub_characteristics_name_unique` (`name`),
  KEY `sub_characteristics_characteristic_id_foreign` (`characteristic_id`),
  CONSTRAINT `sub_characteristics_characteristic_id_foreign` FOREIGN KEY (`characteristic_id`) REFERENCES `characteristics` (`id`) ON DELETE CASCADE
) ENGINE=InnoDB AUTO_INCREMENT=16 DEFAULT CHARSET=utf8mb4 COLLATE=utf8mb4_unicode_ci;
/*!40101 SET character_set_client = @saved_cs_client */;

--
-- Dumping data for table `sub_characteristics`
--

LOCK TABLES `sub_characteristics` WRITE;
/*!40000 ALTER TABLE `sub_characteristics` DISABLE KEYS */;
INSERT INTO `sub_characteristics` VALUES (1,1,'rerum','2021-03-23 17:05:48','2021-03-23 17:05:48'),(2,1,'magni','2021-03-23 17:05:48','2021-03-23 17:05:48'),(3,1,'facere','2021-03-23 17:05:48','2021-03-23 17:05:48'),(4,2,'sint','2021-03-23 17:05:48','2021-03-23 17:05:48'),(5,2,'magnam','2021-03-23 17:05:48','2021-03-23 17:05:48'),(6,2,'aut','2021-03-23 17:05:48','2021-03-23 17:05:48'),(7,3,'placeat','2021-03-23 17:05:48','2021-03-23 17:05:48'),(8,3,'enim','2021-03-23 17:05:48','2021-03-23 17:05:48'),(9,3,'voluptatem','2021-03-23 17:05:48','2021-03-23 17:05:48'),(10,4,'sequi','2021-03-23 17:05:48','2021-03-23 17:05:48'),(11,4,'vero','2021-03-23 17:05:48','2021-03-23 17:05:48'),(12,4,'soluta','2021-03-23 17:05:48','2021-03-23 17:05:48'),(13,5,'eos','2021-03-23 17:05:48','2021-03-23 17:05:48'),(14,5,'ex','2021-03-23 17:05:48','2021-03-23 17:05:48'),(15,5,'atque','2021-03-23 17:05:48','2021-03-23 17:05:48');
/*!40000 ALTER TABLE `sub_characteristics` ENABLE KEYS */;
UNLOCK TABLES;

--
-- Table structure for table `telescope_entries`
--

DROP TABLE IF EXISTS `telescope_entries`;
/*!40101 SET @saved_cs_client     = @@character_set_client */;
/*!50503 SET character_set_client = utf8mb4 */;
CREATE TABLE `telescope_entries` (
  `sequence` bigint unsigned NOT NULL AUTO_INCREMENT,
  `uuid` char(36) CHARACTER SET utf8mb4 COLLATE utf8mb4_unicode_ci NOT NULL,
  `batch_id` char(36) CHARACTER SET utf8mb4 COLLATE utf8mb4_unicode_ci NOT NULL,
  `family_hash` varchar(255) CHARACTER SET utf8mb4 COLLATE utf8mb4_unicode_ci DEFAULT NULL,
  `should_display_on_index` tinyint(1) NOT NULL DEFAULT '1',
  `type` varchar(20) CHARACTER SET utf8mb4 COLLATE utf8mb4_unicode_ci NOT NULL,
  `content` longtext CHARACTER SET utf8mb4 COLLATE utf8mb4_unicode_ci NOT NULL,
  `created_at` datetime DEFAULT NULL,
  PRIMARY KEY (`sequence`),
  UNIQUE KEY `telescope_entries_uuid_unique` (`uuid`),
  KEY `telescope_entries_batch_id_index` (`batch_id`),
  KEY `telescope_entries_family_hash_index` (`family_hash`),
  KEY `telescope_entries_created_at_index` (`created_at`),
  KEY `telescope_entries_type_should_display_on_index_index` (`type`,`should_display_on_index`)
) ENGINE=InnoDB DEFAULT CHARSET=utf8mb4 COLLATE=utf8mb4_unicode_ci;
/*!40101 SET character_set_client = @saved_cs_client */;

--
-- Dumping data for table `telescope_entries`
--

LOCK TABLES `telescope_entries` WRITE;
/*!40000 ALTER TABLE `telescope_entries` DISABLE KEYS */;
/*!40000 ALTER TABLE `telescope_entries` ENABLE KEYS */;
UNLOCK TABLES;

--
-- Table structure for table `telescope_entries_tags`
--

DROP TABLE IF EXISTS `telescope_entries_tags`;
/*!40101 SET @saved_cs_client     = @@character_set_client */;
/*!50503 SET character_set_client = utf8mb4 */;
CREATE TABLE `telescope_entries_tags` (
  `entry_uuid` char(36) CHARACTER SET utf8mb4 COLLATE utf8mb4_unicode_ci NOT NULL,
  `tag` varchar(255) CHARACTER SET utf8mb4 COLLATE utf8mb4_unicode_ci NOT NULL,
  KEY `telescope_entries_tags_entry_uuid_tag_index` (`entry_uuid`,`tag`),
  KEY `telescope_entries_tags_tag_index` (`tag`),
  CONSTRAINT `telescope_entries_tags_entry_uuid_foreign` FOREIGN KEY (`entry_uuid`) REFERENCES `telescope_entries` (`uuid`) ON DELETE CASCADE
) ENGINE=InnoDB DEFAULT CHARSET=utf8mb4 COLLATE=utf8mb4_unicode_ci;
/*!40101 SET character_set_client = @saved_cs_client */;

--
-- Dumping data for table `telescope_entries_tags`
--

LOCK TABLES `telescope_entries_tags` WRITE;
/*!40000 ALTER TABLE `telescope_entries_tags` DISABLE KEYS */;
/*!40000 ALTER TABLE `telescope_entries_tags` ENABLE KEYS */;
UNLOCK TABLES;

--
-- Table structure for table `telescope_monitoring`
--

DROP TABLE IF EXISTS `telescope_monitoring`;
/*!40101 SET @saved_cs_client     = @@character_set_client */;
/*!50503 SET character_set_client = utf8mb4 */;
CREATE TABLE `telescope_monitoring` (
  `tag` varchar(255) CHARACTER SET utf8mb4 COLLATE utf8mb4_unicode_ci NOT NULL
) ENGINE=InnoDB DEFAULT CHARSET=utf8mb4 COLLATE=utf8mb4_unicode_ci;
/*!40101 SET character_set_client = @saved_cs_client */;

--
-- Dumping data for table `telescope_monitoring`
--

LOCK TABLES `telescope_monitoring` WRITE;
/*!40000 ALTER TABLE `telescope_monitoring` DISABLE KEYS */;
/*!40000 ALTER TABLE `telescope_monitoring` ENABLE KEYS */;
UNLOCK TABLES;

--
-- Table structure for table `types`
--

DROP TABLE IF EXISTS `types`;
/*!40101 SET @saved_cs_client     = @@character_set_client */;
/*!50503 SET character_set_client = utf8mb4 */;
CREATE TABLE `types` (
  `id` bigint unsigned NOT NULL AUTO_INCREMENT,
  `name` varchar(255) CHARACTER SET utf8mb4 COLLATE utf8mb4_unicode_ci NOT NULL,
  `created_at` timestamp NULL DEFAULT NULL,
  `updated_at` timestamp NULL DEFAULT NULL,
  PRIMARY KEY (`id`),
  UNIQUE KEY `types_name_unique` (`name`)
) ENGINE=InnoDB AUTO_INCREMENT=4 DEFAULT CHARSET=utf8mb4 COLLATE=utf8mb4_unicode_ci;
/*!40101 SET character_set_client = @saved_cs_client */;

--
-- Dumping data for table `types`
--

LOCK TABLES `types` WRITE;
/*!40000 ALTER TABLE `types` DISABLE KEYS */;
INSERT INTO `types` VALUES (1,'repellat','2021-03-23 17:05:48','2021-03-23 17:05:48'),(2,'ad','2021-03-23 17:05:48','2021-03-23 17:05:48'),(3,'odio','2021-03-23 17:05:48','2021-03-23 17:05:48');
/*!40000 ALTER TABLE `types` ENABLE KEYS */;
UNLOCK TABLES;

--
-- Table structure for table `unit_types`
--

DROP TABLE IF EXISTS `unit_types`;
/*!40101 SET @saved_cs_client     = @@character_set_client */;
/*!50503 SET character_set_client = utf8mb4 */;
CREATE TABLE `unit_types` (
  `id` bigint unsigned NOT NULL AUTO_INCREMENT,
  `name` varchar(255) COLLATE utf8mb4_unicode_ci NOT NULL,
  `standard_unit` varchar(255) COLLATE utf8mb4_unicode_ci NOT NULL,
  `created_at` timestamp NULL DEFAULT NULL,
  `updated_at` timestamp NULL DEFAULT NULL,
  PRIMARY KEY (`id`)
) ENGINE=InnoDB AUTO_INCREMENT=4 DEFAULT CHARSET=utf8mb4 COLLATE=utf8mb4_unicode_ci;
/*!40101 SET character_set_client = @saved_cs_client */;

--
-- Dumping data for table `unit_types`
--

LOCK TABLES `unit_types` WRITE;
/*!40000 ALTER TABLE `unit_types` DISABLE KEYS */;
INSERT INTO `unit_types` VALUES (1,'sapiente','eos','2021-03-23 17:05:48','2021-03-23 17:05:48'),(2,'commodi','omnis','2021-03-23 17:05:48','2021-03-23 17:05:48'),(3,'nostrum','eaque','2021-03-23 17:05:48','2021-03-23 17:05:48');
/*!40000 ALTER TABLE `unit_types` ENABLE KEYS */;
UNLOCK TABLES;

--
-- Table structure for table `units`
--

DROP TABLE IF EXISTS `units`;
/*!40101 SET @saved_cs_client     = @@character_set_client */;
/*!50503 SET character_set_client = utf8mb4 */;
CREATE TABLE `units` (
  `id` bigint unsigned NOT NULL AUTO_INCREMENT,
  `unit` varchar(255) CHARACTER SET utf8mb4 COLLATE utf8mb4_unicode_ci NOT NULL,
  `created_at` timestamp NULL DEFAULT NULL,
  `updated_at` timestamp NULL DEFAULT NULL,
  `unit_type_id` bigint unsigned NOT NULL,
  `to_standard` decimal(8,2) DEFAULT NULL,
  `from_standard` decimal(8,2) DEFAULT NULL,
  PRIMARY KEY (`id`),
  UNIQUE KEY `units_unit_unique` (`unit`)
) ENGINE=InnoDB AUTO_INCREMENT=10 DEFAULT CHARSET=utf8mb4 COLLATE=utf8mb4_unicode_ci;
/*!40101 SET character_set_client = @saved_cs_client */;

--
-- Dumping data for table `units`
--

LOCK TABLES `units` WRITE;
/*!40000 ALTER TABLE `units` DISABLE KEYS */;
INSERT INTO `units` VALUES (1,'dolor','2021-03-23 17:05:48','2021-03-23 17:05:48',1,NULL,NULL),(2,'eaque','2021-03-23 17:05:48','2021-03-23 17:05:48',1,NULL,NULL),(3,'autem','2021-03-23 17:05:48','2021-03-23 17:05:48',1,NULL,NULL),(4,'qui','2021-03-23 17:05:48','2021-03-23 17:05:48',2,NULL,NULL),(5,'impedit','2021-03-23 17:05:48','2021-03-23 17:05:48',2,NULL,NULL),(6,'voluptatum','2021-03-23 17:05:48','2021-03-23 17:05:48',2,NULL,NULL),(7,'cupiditate','2021-03-23 17:05:48','2021-03-23 17:05:48',3,NULL,NULL),(8,'explicabo','2021-03-23 17:05:48','2021-03-23 17:05:48',3,NULL,NULL),(9,'optio','2021-03-23 17:05:48','2021-03-23 17:05:48',3,NULL,NULL);
/*!40000 ALTER TABLE `units` ENABLE KEYS */;
UNLOCK TABLES;

--
-- Table structure for table `users`
--

DROP TABLE IF EXISTS `users`;
/*!40101 SET @saved_cs_client     = @@character_set_client */;
/*!50503 SET character_set_client = utf8mb4 */;
CREATE TABLE `users` (
  `id` bigint unsigned NOT NULL AUTO_INCREMENT,
  `name` varchar(255) CHARACTER SET utf8mb4 COLLATE utf8mb4_unicode_ci NOT NULL,
  `email` varchar(255) CHARACTER SET utf8mb4 COLLATE utf8mb4_unicode_ci NOT NULL,
  `email_verified_at` timestamp NULL DEFAULT NULL,
  `password` varchar(255) CHARACTER SET utf8mb4 COLLATE utf8mb4_unicode_ci NOT NULL,
  `remember_token` varchar(100) CHARACTER SET utf8mb4 COLLATE utf8mb4_unicode_ci DEFAULT NULL,
  `created_at` timestamp NULL DEFAULT NULL,
  `updated_at` timestamp NULL DEFAULT NULL,
  PRIMARY KEY (`id`),
  UNIQUE KEY `users_email_unique` (`email`)
) ENGINE=InnoDB AUTO_INCREMENT=7 DEFAULT CHARSET=utf8mb4 COLLATE=utf8mb4_unicode_ci;
/*!40101 SET character_set_client = @saved_cs_client */;

--
-- Dumping data for table `users`
--

LOCK TABLES `users` WRITE;
/*!40000 ALTER TABLE `users` DISABLE KEYS */;
INSERT INTO `users` VALUES (1,'test','test@example.com','2021-03-23 17:05:48','$2y$10$92IXUNpkjO0rOQ5byMi.Ye4oKoEa3Ro9llC/.og/at2.uheWG/igi','yzC7qZ13b9','2021-03-23 17:05:48','2021-03-23 17:05:48'),(2,'Ms. Lora Corkery Sr.','elton49@example.com','2021-03-23 17:05:48','$2y$10$92IXUNpkjO0rOQ5byMi.Ye4oKoEa3Ro9llC/.og/at2.uheWG/igi','IkkASUDnHI','2021-03-23 17:05:48','2021-03-23 17:05:48'),(3,'Clifton Kuhlman MD','wilkinson.albert@example.com','2021-03-23 17:05:48','$2y$10$92IXUNpkjO0rOQ5byMi.Ye4oKoEa3Ro9llC/.og/at2.uheWG/igi','KvL6j67Z0K','2021-03-23 17:05:48','2021-03-23 17:05:48'),(4,'Noemie Block','seth37@example.org','2021-03-23 17:05:48','$2y$10$92IXUNpkjO0rOQ5byMi.Ye4oKoEa3Ro9llC/.og/at2.uheWG/igi','T6VI779jOz','2021-03-23 17:05:48','2021-03-23 17:05:48'),(5,'Dorris Mueller','gherman@example.net','2021-03-23 17:05:48','$2y$10$92IXUNpkjO0rOQ5byMi.Ye4oKoEa3Ro9llC/.og/at2.uheWG/igi','2a71Ag2f0h','2021-03-23 17:05:48','2021-03-23 17:05:48'),(6,'Horacio Mohr DDS','candice89@example.org','2021-03-23 17:05:48','$2y$10$92IXUNpkjO0rOQ5byMi.Ye4oKoEa3Ro9llC/.og/at2.uheWG/igi','lovL34IVgQ','2021-03-23 17:05:48','2021-03-23 17:05:48');
/*!40000 ALTER TABLE `users` ENABLE KEYS */;
UNLOCK TABLES;
/*!40103 SET TIME_ZONE=@OLD_TIME_ZONE */;

/*!40101 SET SQL_MODE=@OLD_SQL_MODE */;
/*!40014 SET FOREIGN_KEY_CHECKS=@OLD_FOREIGN_KEY_CHECKS */;
/*!40014 SET UNIQUE_CHECKS=@OLD_UNIQUE_CHECKS */;
/*!40101 SET CHARACTER_SET_CLIENT=@OLD_CHARACTER_SET_CLIENT */;
/*!40101 SET CHARACTER_SET_RESULTS=@OLD_CHARACTER_SET_RESULTS */;
/*!40101 SET COLLATION_CONNECTION=@OLD_COLLATION_CONNECTION */;
/*!40111 SET SQL_NOTES=@OLD_SQL_NOTES */;

-- Dump completed on 2021-03-23 17:08:23
